pollutant;metric;vehicle_model_year;vehicle_type;vehicle_fuel_type;emission;unit;n;standarderror;nox_emission_threshold_g_per_kg_fuel;source
NOx;Mittelwert;1992;passenger car;gasoline;9.738206732028587;g/kg fuel;3079;0.26641741408610636;8.3;Kanton Zürich/AWEL
NOx;Mittelwert;1992;passenger car;diesel;NA;g/kg fuel;37;NA;20;Kanton Zürich/AWEL
NOx;Mittelwert;1992;light duty vehicle;gasoline;13.007170344866694;g/kg fuel;117;1.3453783696549024;8.3;Kanton Zürich/AWEL
NOx;Mittelwert;1992;light duty vehicle;diesel;11.185307173323334;g/kg fuel;82;0.6053280213859162;20;Kanton Zürich/AWEL
NOx;Mittelwert;1993;passenger car;gasoline;8.927182938839085;g/kg fuel;3789;0.2127837016173359;8.3;Kanton Zürich/AWEL
NOx;Mittelwert;1993;passenger car;diesel;12.354077882434341;g/kg fuel;68;1.2356295339061925;20;Kanton Zürich/AWEL
NOx;Mittelwert;1993;light duty vehicle;gasoline;12.52808263431278;g/kg fuel;142;1.2890048900932305;8.3;Kanton Zürich/AWEL
NOx;Mittelwert;1993;light duty vehicle;diesel;NA;g/kg fuel;20;NA;20;Kanton Zürich/AWEL
NOx;Mittelwert;1994;passenger car;gasoline;8.365361439831329;g/kg fuel;5055;0.18658778725675343;8.3;Kanton Zürich/AWEL
NOx;Mittelwert;1994;passenger car;diesel;13.601899134943876;g/kg fuel;95;0.9636227572249595;20;Kanton Zürich/AWEL
NOx;Mittelwert;1994;light duty vehicle;gasoline;13.92425678863379;g/kg fuel;252;1.1929818257184392;8.3;Kanton Zürich/AWEL
NOx;Mittelwert;1994;light duty vehicle;diesel;NA;g/kg fuel;45;NA;20;Kanton Zürich/AWEL
NOx;Mittelwert;1995;passenger car;gasoline;7.770291032896322;g/kg fuel;5550;0.17650473613518547;8.3;Kanton Zürich/AWEL
NOx;Mittelwert;1995;passenger car;diesel;12.059308735826678;g/kg fuel;136;0.8276452756875058;20;Kanton Zürich/AWEL
NOx;Mittelwert;1995;light duty vehicle;gasoline;10.9440434595717;g/kg fuel;283;0.9723389546323861;8.3;Kanton Zürich/AWEL
NOx;Mittelwert;1995;light duty vehicle;diesel;17.817809372279328;g/kg fuel;120;0.8821006389539403;20;Kanton Zürich/AWEL
NOx;Mittelwert;1996;passenger car;gasoline;6.2981393232777805;g/kg fuel;8826;0.12255432831053863;3.6;Kanton Zürich/AWEL
NOx;Mittelwert;1996;passenger car;diesel;16.14637998805009;g/kg fuel;382;0.566519751443155;10.9;Kanton Zürich/AWEL
NOx;Mittelwert;1996;light duty vehicle;gasoline;10.51678552294359;g/kg fuel;513;0.7182541069367235;3.6;Kanton Zürich/AWEL
NOx;Mittelwert;1996;light duty vehicle;diesel;17.134918216081438;g/kg fuel;201;0.6547269417906365;10.9;Kanton Zürich/AWEL
NOx;Mittelwert;1997;passenger car;gasoline;5.334862431689523;g/kg fuel;9315;0.10766436879501978;3.6;Kanton Zürich/AWEL
NOx;Mittelwert;1997;passenger car;diesel;16.985740406151308;g/kg fuel;292;0.6089650816264632;10.9;Kanton Zürich/AWEL
NOx;Mittelwert;1997;light duty vehicle;gasoline;9.772443449554773;g/kg fuel;434;0.6396248551279728;3.6;Kanton Zürich/AWEL
NOx;Mittelwert;1997;light duty vehicle;diesel;18.85077980611467;g/kg fuel;174;0.8187372028430311;10.9;Kanton Zürich/AWEL
NOx;Mittelwert;1998;passenger car;gasoline;4.889343951217893;g/kg fuel;12321;0.09567869366881004;3.6;Kanton Zürich/AWEL
NOx;Mittelwert;1998;passenger car;diesel;20.94481496911054;g/kg fuel;580;0.450167973949898;10.9;Kanton Zürich/AWEL
NOx;Mittelwert;1998;light duty vehicle;gasoline;6.970592071833048;g/kg fuel;699;0.4742268511649777;3.6;Kanton Zürich/AWEL
NOx;Mittelwert;1998;light duty vehicle;diesel;16.682875647754383;g/kg fuel;521;0.42010352677003676;10.9;Kanton Zürich/AWEL
NOx;Mittelwert;1999;passenger car;gasoline;4.119670103020908;g/kg fuel;14134;0.08801571336258852;3.6;Kanton Zürich/AWEL
NOx;Mittelwert;1999;passenger car;diesel;22.831056697038843;g/kg fuel;899;0.4147418976193623;10.9;Kanton Zürich/AWEL
NOx;Mittelwert;1999;light duty vehicle;gasoline;5.974495624827595;g/kg fuel;577;0.569390161233399;3.6;Kanton Zürich/AWEL
NOx;Mittelwert;1999;light duty vehicle;diesel;19.30219634880035;g/kg fuel;385;0.5206348786823726;10.9;Kanton Zürich/AWEL
NOx;Mittelwert;2000;passenger car;gasoline;2.542762858467276;g/kg fuel;23517;0.04670965944629207;2.6;Kanton Zürich/AWEL
NOx;Mittelwert;2000;passenger car;diesel;24.032467063151252;g/kg fuel;2637;0.25715488699001354;10.3;Kanton Zürich/AWEL
NOx;Mittelwert;2000;light duty vehicle;gasoline;4.530277798971692;g/kg fuel;699;0.45426943756214433;2.6;Kanton Zürich/AWEL
NOx;Mittelwert;2000;light duty vehicle;diesel;19.827667092167417;g/kg fuel;563;0.4922556194594502;10.3;Kanton Zürich/AWEL
NOx;Mittelwert;2001;passenger car;gasoline;1.7826362808752936;g/kg fuel;16909;0.040397795945114105;2.6;Kanton Zürich/AWEL
NOx;Mittelwert;2001;passenger car;diesel;22.839405156763714;g/kg fuel;2591;0.251535331377529;10.3;Kanton Zürich/AWEL
NOx;Mittelwert;2001;light duty vehicle;gasoline;3.060778274593907;g/kg fuel;820;0.30304553268638906;2.6;Kanton Zürich/AWEL
NOx;Mittelwert;2001;light duty vehicle;diesel;24.088447493068504;g/kg fuel;1768;0.32796689696217607;10.3;Kanton Zürich/AWEL
NOx;Mittelwert;2002;passenger car;gasoline;1.6373768997628186;g/kg fuel;15632;0.04362215072167639;2.6;Kanton Zürich/AWEL
NOx;Mittelwert;2002;passenger car;diesel;22.52684038065506;g/kg fuel;2481;0.2508520742436218;10.3;Kanton Zürich/AWEL
NOx;Mittelwert;2002;light duty vehicle;gasoline;3.7299532789602767;g/kg fuel;389;0.4838806678481402;2.6;Kanton Zürich/AWEL
NOx;Mittelwert;2002;light duty vehicle;diesel;23.811971905585107;g/kg fuel;766;0.47720858723641557;10.3;Kanton Zürich/AWEL
NOx;Mittelwert;2003;passenger car;gasoline;1.4432488345882293;g/kg fuel;16007;0.03792003045972932;2.6;Kanton Zürich/AWEL
NOx;Mittelwert;2003;passenger car;diesel;19.205593114599715;g/kg fuel;3469;0.19924703183092737;10.3;Kanton Zürich/AWEL
NOx;Mittelwert;2003;light duty vehicle;gasoline;1.7420449836209375;g/kg fuel;350;0.32165795424316945;2.6;Kanton Zürich/AWEL
NOx;Mittelwert;2003;light duty vehicle;diesel;23.162414224431696;g/kg fuel;991;0.4062988355611702;10.3;Kanton Zürich/AWEL
NOx;Mittelwert;2004;passenger car;gasoline;1.252856728761847;g/kg fuel;14319;0.03778605798532811;2.6;Kanton Zürich/AWEL
NOx;Mittelwert;2004;passenger car;diesel;17.178843429800946;g/kg fuel;4650;0.17142439566180728;10.3;Kanton Zürich/AWEL
NOx;Mittelwert;2004;light duty vehicle;gasoline;1.0757765921545395;g/kg fuel;359;0.18560350194639114;2.6;Kanton Zürich/AWEL
NOx;Mittelwert;2004;light duty vehicle;diesel;21.9010352455921;g/kg fuel;794;0.4661316644672831;10.3;Kanton Zürich/AWEL
NOx;Mittelwert;2005;passenger car;gasoline;1.1756247003900706;g/kg fuel;19864;0.034090865379271716;1.4;Kanton Zürich/AWEL
NOx;Mittelwert;2005;passenger car;diesel;16.28064142221787;g/kg fuel;7496;0.13889926154475188;4.4;Kanton Zürich/AWEL
NOx;Mittelwert;2005;light duty vehicle;gasoline;1.8961930581596542;g/kg fuel;620;0.21468460270883374;1.4;Kanton Zürich/AWEL
NOx;Mittelwert;2005;light duty vehicle;diesel;20.155970427669693;g/kg fuel;749;0.43136139520938016;4.4;Kanton Zürich/AWEL
NOx;Mittelwert;2006;passenger car;gasoline;0.9474454954111358;g/kg fuel;12854;0.030893050620062812;1.4;Kanton Zürich/AWEL
NOx;Mittelwert;2006;passenger car;diesel;16.788950518280952;g/kg fuel;7623;0.139417568865312;4.4;Kanton Zürich/AWEL
NOx;Mittelwert;2006;light duty vehicle;gasoline;3.146972989993058;g/kg fuel;259;0.49299016009998436;1.4;Kanton Zürich/AWEL
NOx;Mittelwert;2006;light duty vehicle;diesel;20.148638111221434;g/kg fuel;6344;0.16543606892306514;4.4;Kanton Zürich/AWEL
NOx;Mittelwert;2007;passenger car;gasoline;1.283451100919071;g/kg fuel;15086;0.03485862716267773;1.4;Kanton Zürich/AWEL
NOx;Mittelwert;2007;passenger car;diesel;16.000340476723633;g/kg fuel;6181;0.14779404239498625;4.4;Kanton Zürich/AWEL
NOx;Mittelwert;2007;light duty vehicle;gasoline;2.3087493061891178;g/kg fuel;289;0.4905050186301885;1.4;Kanton Zürich/AWEL
NOx;Mittelwert;2007;light duty vehicle;diesel;19.689717344727356;g/kg fuel;1333;0.36223419164355397;4.4;Kanton Zürich/AWEL
NOx;Mittelwert;2008;passenger car;gasoline;1.1127689514028052;g/kg fuel;10942;0.041079774260424806;1.4;Kanton Zürich/AWEL
NOx;Mittelwert;2008;passenger car;diesel;17.209380618217743;g/kg fuel;5545;0.156670292205903;4.4;Kanton Zürich/AWEL
NOx;Mittelwert;2008;light duty vehicle;gasoline;0.5349960915345648;g/kg fuel;498;0.07661416017651514;1.4;Kanton Zürich/AWEL
NOx;Mittelwert;2008;light duty vehicle;diesel;22.935018146978315;g/kg fuel;593;0.6384011635443824;4.4;Kanton Zürich/AWEL
NOx;Mittelwert;2009;passenger car;gasoline;0.9794981022702147;g/kg fuel;15658;0.03294648935225674;1;Kanton Zürich/AWEL
NOx;Mittelwert;2009;passenger car;diesel;15.90370848300952;g/kg fuel;6608;0.1416353102516954;3.5;Kanton Zürich/AWEL
NOx;Mittelwert;2009;light duty vehicle;gasoline;0.9834639714859633;g/kg fuel;211;0.18351435089456297;1;Kanton Zürich/AWEL
NOx;Mittelwert;2009;light duty vehicle;diesel;21.05554240882112;g/kg fuel;1638;0.32351277905627107;3.5;Kanton Zürich/AWEL
NOx;Mittelwert;2010;passenger car;gasoline;0.9572646263651353;g/kg fuel;16617;0.029582992056407607;1;Kanton Zürich/AWEL
NOx;Mittelwert;2010;passenger car;diesel;16.397314577494296;g/kg fuel;8420;0.13488051899177003;3.5;Kanton Zürich/AWEL
NOx;Mittelwert;2010;light duty vehicle;gasoline;1.207958130201722;g/kg fuel;513;0.18497340010534064;1;Kanton Zürich/AWEL
NOx;Mittelwert;2010;light duty vehicle;diesel;21.68572015282395;g/kg fuel;1902;0.3141371527274706;3.5;Kanton Zürich/AWEL
NOx;Mittelwert;2011;passenger car;gasoline;0.8988045933902367;g/kg fuel;11641;0.034559240585661545;1;Kanton Zürich/AWEL
NOx;Mittelwert;2011;passenger car;diesel;15.28085113867004;g/kg fuel;9199;0.1290615556723332;3.5;Kanton Zürich/AWEL
NOx;Mittelwert;2011;light duty vehicle;gasoline;0.6756283746801834;g/kg fuel;417;0.0895385201127904;1;Kanton Zürich/AWEL
NOx;Mittelwert;2011;light duty vehicle;diesel;21.23050004885579;g/kg fuel;2492;0.2647332608603975;3.5;Kanton Zürich/AWEL
NOx;Mittelwert;2012;passenger car;gasoline;1.3350924098654289;g/kg fuel;13822;0.04684238587636121;1;Kanton Zürich/AWEL
NOx;Mittelwert;2012;passenger car;diesel;15.986904055395575;g/kg fuel;9812;0.13103336198784252;3.5;Kanton Zürich/AWEL
NOx;Mittelwert;2012;light duty vehicle;gasoline;0.8271362598261313;g/kg fuel;259;0.10256334468525502;1;Kanton Zürich/AWEL
NOx;Mittelwert;2012;light duty vehicle;diesel;24.539231562303105;g/kg fuel;2984;0.29613555585919354;3.5;Kanton Zürich/AWEL
NOx;Mittelwert;2013;passenger car;gasoline;1.1340420531406128;g/kg fuel;13268;0.040334824207231286;1;Kanton Zürich/AWEL
NOx;Mittelwert;2013;passenger car;diesel;12.965473497013;g/kg fuel;10836;0.11311244498772371;1.6;Kanton Zürich/AWEL
NOx;Mittelwert;2013;light duty vehicle;gasoline;2.1137877372000524;g/kg fuel;523;0.2974041911124047;1;Kanton Zürich/AWEL
NOx;Mittelwert;2013;light duty vehicle;diesel;22.503958962668854;g/kg fuel;4137;0.23257110666625275;1.6;Kanton Zürich/AWEL
NOx;Mittelwert;2014;passenger car;gasoline;1.3867671071335343;g/kg fuel;8122;0.06643989844092406;1;Kanton Zürich/AWEL
NOx;Mittelwert;2014;passenger car;diesel;10.993674648393851;g/kg fuel;5610;0.1587111916536379;1.6;Kanton Zürich/AWEL
NOx;Mittelwert;2014;light duty vehicle;gasoline;5.125691673819551;g/kg fuel;162;1.0718184072451766;1;Kanton Zürich/AWEL
NOx;Mittelwert;2014;light duty vehicle;diesel;26.175859997502197;g/kg fuel;2521;0.3114169546767536;1.6;Kanton Zürich/AWEL
NOx;Mittelwert;2015;passenger car;gasoline;0.9936840007005423;g/kg fuel;14018;0.034608435780933325;1;Kanton Zürich/AWEL
NOx;Mittelwert;2015;passenger car;diesel;8.659560127881443;g/kg fuel;12485;0.09565772572007938;1.6;Kanton Zürich/AWEL
NOx;Mittelwert;2015;light duty vehicle;gasoline;1.791626869166749;g/kg fuel;586;0.23578607940203597;1;Kanton Zürich/AWEL
NOx;Mittelwert;2015;light duty vehicle;diesel;14.042826743355315;g/kg fuel;2335;0.31677943076672843;1.6;Kanton Zürich/AWEL
NOx;Mittelwert;2016;passenger car;gasoline;0.8718802894494464;g/kg fuel;6749;0.04362187794829135;1;Kanton Zürich/AWEL
NOx;Mittelwert;2016;passenger car;diesel;7.433547551159057;g/kg fuel;6786;0.12195461453724527;1.6;Kanton Zürich/AWEL
NOx;Mittelwert;2016;light duty vehicle;gasoline;1.8282077477781866;g/kg fuel;179;0.4666785230316173;1;Kanton Zürich/AWEL
NOx;Mittelwert;2016;light duty vehicle;diesel;7.32605713935207;g/kg fuel;4800;0.15041792088099493;1.6;Kanton Zürich/AWEL
NOx;Mittelwert;2017;passenger car;gasoline;0.7646139477357589;g/kg fuel;4607;0.04785676281997964;1;Kanton Zürich/AWEL
NOx;Mittelwert;2017;passenger car;diesel;6.3519935949270145;g/kg fuel;3023;0.14442001315835803;1.6;Kanton Zürich/AWEL
NOx;Mittelwert;2017;light duty vehicle;gasoline;0.8529805804217603;g/kg fuel;92;0.2848113505922574;1;Kanton Zürich/AWEL
NOx;Mittelwert;2017;light duty vehicle;diesel;5.223486969352451;g/kg fuel;685;0.36658678780562504;1.6;Kanton Zürich/AWEL
NOx;Mittelwert;2018;passenger car;gasoline;0.523177162250121;g/kg fuel;5220;0.04255795084098531;1;Kanton Zürich/AWEL
NOx;Mittelwert;2018;passenger car;diesel;2.502265924693133;g/kg fuel;3750;0.09339261532048601;1.6;Kanton Zürich/AWEL
NOx;Mittelwert;2018;light duty vehicle;gasoline;0.3509743782638528;g/kg fuel;80;0.13425459197899955;1;Kanton Zürich/AWEL
NOx;Mittelwert;2018;light duty vehicle;diesel;6.238141708888502;g/kg fuel;746;0.32809324377924126;1.6;Kanton Zürich/AWEL
NOx;Mittelwert;2019;passenger car;gasoline;0.3707903758474865;g/kg fuel;4867;0.027821599900945116;1;Kanton Zürich/AWEL
NOx;Mittelwert;2019;passenger car;diesel;1.0819777115604787;g/kg fuel;2819;0.053371647241239155;1.6;Kanton Zürich/AWEL
NOx;Mittelwert;2019;light duty vehicle;gasoline;0.3244445315807766;g/kg fuel;175;0.09940296317398431;1;Kanton Zürich/AWEL
NOx;Mittelwert;2019;light duty vehicle;diesel;1.3883951625170246;g/kg fuel;1314;0.13267236390081358;1.6;Kanton Zürich/AWEL
NOx;Mittelwert;2020;passenger car;gasoline;0.19825255180297183;g/kg fuel;1994;0.028170539746515837;1;Kanton Zürich/AWEL
NOx;Mittelwert;2020;passenger car;diesel;0.41902362599378423;g/kg fuel;1376;0.046660417876636086;1.6;Kanton Zürich/AWEL
NOx;Mittelwert;2020;light duty vehicle;gasoline;NA;g/kg fuel;43;NA;1;Kanton Zürich/AWEL
NOx;Mittelwert;2020;light duty vehicle;diesel;0.6382024186533846;g/kg fuel;798;0.07216491502846471;1.6;Kanton Zürich/AWEL
NOx;Mittelwert;2021;passenger car;gasoline;0.1849056852048415;g/kg fuel;1469;0.03279806467295458;1;Kanton Zürich/AWEL
NOx;Mittelwert;2021;passenger car;diesel;0.49005878492776905;g/kg fuel;555;0.06827946062514363;1.6;Kanton Zürich/AWEL
NOx;Mittelwert;2021;light duty vehicle;gasoline;0.24770910147385905;g/kg fuel;87;0.12343347306573098;1;Kanton Zürich/AWEL
NOx;Mittelwert;2021;light duty vehicle;diesel;0.28167982225550797;g/kg fuel;759;0.055214273803402505;1.6;Kanton Zürich/AWEL
NOx;Mittelwert;2022;passenger car;gasoline;0.08040266896594488;g/kg fuel;812;0.025744891108862314;1;Kanton Zürich/AWEL
NOx;Mittelwert;2022;passenger car;diesel;0.32726621430810326;g/kg fuel;453;0.05443532062436078;1.6;Kanton Zürich/AWEL
NOx;Mittelwert;2022;light duty vehicle;gasoline;0.22379655360229928;g/kg fuel;52;0.10445620086238847;1;Kanton Zürich/AWEL
NOx;Mittelwert;2022;light duty vehicle;diesel;0.3203770876816259;g/kg fuel;456;0.07166608435502843;1.6;Kanton Zürich/AWEL
NOx;Mittelwert;2023;passenger car;gasoline;0.056445791286852905;g/kg fuel;192;0.04688603759569257;1;Kanton Zürich/AWEL
NOx;Mittelwert;2023;passenger car;diesel;0.17943872107284917;g/kg fuel;113;0.08273172700819005;1.6;Kanton Zürich/AWEL
NOx;Mittelwert;2023;light duty vehicle;gasoline;NA;g/kg fuel;20;NA;1;Kanton Zürich/AWEL
NOx;Mittelwert;2023;light duty vehicle;diesel;0.24104443680617468;g/kg fuel;103;0.11846652314759085;1.6;Kanton Zürich/AWEL
NOx;Mittelwert;2024;passenger car;gasoline;NA;g/kg fuel;2;NA;1;Kanton Zürich/AWEL
NOx;Mittelwert;2024;passenger car;diesel;NA;g/kg fuel;12;NA;1.6;Kanton Zürich/AWEL
NOx;Mittelwert;2024;light duty vehicle;gasoline;NA;g/kg fuel;0;NA;1;Kanton Zürich/AWEL
NOx;Mittelwert;2024;light duty vehicle;diesel;NA;g/kg fuel;0;NA;1.6;Kanton Zürich/AWEL
