year;pollutant;concentration;population;population_cum;population_cum_rel;source
2015;NO2;6.5;4;4;2.720224255287606e-6;BAFU & BFS
2015;NO2;7.5;20;24;1.6321345531725636e-5;BAFU & BFS
2015;NO2;8.5;80;104;7.072583063747776e-5;BAFU & BFS
2015;NO2;9.5;412;516;3.5090892893210114e-4;BAFU & BFS
2015;NO2;10.5;1120;1636;0.0011125717204126307;BAFU & BFS
2015;NO2;11.5;2022;3658;0.0024876450814605156;BAFU & BFS
2015;NO2;12.5;3207;6865;0.0046685848781373536;BAFU & BFS
2015;NO2;13.5;8478;15343;0.010434100187219434;BAFU & BFS
2015;NO2;14.5;26071;41414;0.02816384182712023;BAFU & BFS
2015;NO2;15.5;46709;88123;0.05992858051217742;BAFU & BFS
2015;NO2;16.5;49880;138003;0.09384977697561386;BAFU & BFS
2015;NO2;17.5;72576;210579;0.1432055258635522;BAFU & BFS
2015;NO2;18.5;134259;344838;0.23450917293621687;BAFU & BFS
2015;NO2;19.5;159234;504072;0.34279722020283354;BAFU & BFS
2015;NO2;20.5;143241;647313;0.44020913084074653;BAFU & BFS
2015;NO2;21.5;152680;799993;0.5440400906650744;BAFU & BFS
2015;NO2;22.5;131123;931116;0.6332110819215936;BAFU & BFS
2015;NO2;23.5;100639;1031755;0.7016512441285659;BAFU & BFS
2015;NO2;24.5;99846;1131601;0.7695521218769276;BAFU & BFS
2015;NO2;25.5;84324;1215925;0.8268971694026456;BAFU & BFS
2015;NO2;26.5;66517;1282442;0.872132458599887;BAFU & BFS
2015;NO2;27.5;50346;1332788;0.9063705611890644;BAFU & BFS
2015;NO2;28.5;38081;1370869;0.9322677761554663;BAFU & BFS
2015;NO2;29.5;28862;1399731;0.951895554269494;BAFU & BFS
2015;NO2;30.5;19584;1419315;0.9652137722233821;BAFU & BFS
2015;NO2;31.5;13645;1432960;0.9744931372142319;BAFU & BFS
2015;NO2;32.5;7208;1440168;0.9793949813222602;BAFU & BFS
2015;NO2;33.5;6272;1446440;0.9836602929545512;BAFU & BFS
2015;NO2;34.5;5125;1451565;0.9871455802816385;BAFU & BFS
2015;NO2;35.5;4345;1455910;0.9901004238789446;BAFU & BFS
2015;NO2;36.5;2289;1458199;0.9916570722090329;BAFU & BFS
2015;NO2;37.5;1681;1459880;0.9928002464523176;BAFU & BFS
2015;NO2;38.5;2118;1461998;0.9942406051954923;BAFU & BFS
2015;NO2;39.5;1260;1463258;0.9950974758359079;BAFU & BFS
2015;NO2;40.5;959;1464217;0.9957496496011131;BAFU & BFS
2015;NO2;41.5;526;1464743;0.9961073590906835;BAFU & BFS
2015;NO2;42.5;1118;1465861;0.9968676617700363;BAFU & BFS
2015;NO2;43.5;750;1466611;0.9973777038179027;BAFU & BFS
2015;NO2;44.5;703;1467314;0.9978557832307695;BAFU & BFS
2015;NO2;45.5;274;1467588;0.9980421185922568;BAFU & BFS
2015;NO2;46.5;343;1467931;0.9982753778221477;BAFU & BFS
2015;NO2;47.5;844;1468775;0.9988493451400133;BAFU & BFS
2015;NO2;48.5;150;1468925;0.9989513535495866;BAFU & BFS
2015;NO2;49.5;363;1469288;0.999198213900754;BAFU & BFS
2015;NO2;50.5;307;1469595;0.9994069911123473;BAFU & BFS
2015;NO2;51.5;356;1469951;0.9996490910710679;BAFU & BFS
2015;NO2;53.5;127;1470078;0.9997354581911733;BAFU & BFS
2015;NO2;54.5;119;1470197;0.9998163848627681;BAFU & BFS
2015;NO2;55.5;3;1470200;0.9998184250309595;BAFU & BFS
2015;NO2;56.5;61;1470261;0.9998599084508527;BAFU & BFS
2015;NO2;57.5;65;1470326;0.9999041120950011;BAFU & BFS
2015;NO2;59.5;3;1470329;0.9999061522631926;BAFU & BFS
2015;NO2;60.5;9;1470338;0.999912272767767;BAFU & BFS
2015;NO2;61.5;70;1470408;0.9999598766922345;BAFU & BFS
2015;NO2;62.5;5;1470413;0.9999632769725536;BAFU & BFS
2015;NO2;63.5;7;1470420;0.9999680373650004;BAFU & BFS
2015;NO2;64.5;7;1470427;0.9999727977574471;BAFU & BFS
2015;NO2;65.5;32;1470459;0.9999945595514894;BAFU & BFS
2015;NO2;69.5;3;1470462;0.9999965997196809;BAFU & BFS
2015;NO2;71.5;5;1470467;1;BAFU & BFS
2015;O3_peakseason_mean_d1_max_mean_h8gl;61.5;5;5;3.4002803191095075e-6;BAFU & BFS
2015;O3_peakseason_mean_d1_max_mean_h8gl;63;3;8;5.440448510575212e-6;BAFU & BFS
2015;O3_peakseason_mean_d1_max_mean_h8gl;66;32;40;2.720224255287606e-5;BAFU & BFS
2015;O3_peakseason_mean_d1_max_mean_h8gl;66.5;7;47;3.196263499962937e-5;BAFU & BFS
2015;O3_peakseason_mean_d1_max_mean_h8gl;67.5;7;54;3.672302744638268e-5;BAFU & BFS
2015;O3_peakseason_mean_d1_max_mean_h8gl;68;5;59;4.0123307765492184e-5;BAFU & BFS
2015;O3_peakseason_mean_d1_max_mean_h8gl;69;70;129;8.772723223302529e-5;BAFU & BFS
2015;O3_peakseason_mean_d1_max_mean_h8gl;69.5;9;138;9.38477368074224e-5;BAFU & BFS
2015;O3_peakseason_mean_d1_max_mean_h8gl;70;3;141;9.588790499888811e-5;BAFU & BFS
2015;O3_peakseason_mean_d1_max_mean_h8gl;71.5;65;206;1.400915491473117e-4;BAFU & BFS
2015;O3_peakseason_mean_d1_max_mean_h8gl;72.5;61;267;1.815749690404477e-4;BAFU & BFS
2015;O3_peakseason_mean_d1_max_mean_h8gl;73;3;270;1.836151372319134e-4;BAFU & BFS
2015;O3_peakseason_mean_d1_max_mean_h8gl;73.5;37;307;2.0877721159332375e-4;BAFU & BFS
2015;O3_peakseason_mean_d1_max_mean_h8gl;74;91;398;2.7066231340111676e-4;BAFU & BFS
2015;O3_peakseason_mean_d1_max_mean_h8gl;74.5;115;513;3.488687607406355e-4;BAFU & BFS
2015;O3_peakseason_mean_d1_max_mean_h8gl;75;3;516;3.5090892893210114e-4;BAFU & BFS
2015;O3_peakseason_mean_d1_max_mean_h8gl;75.5;12;528;3.5906960169796397e-4;BAFU & BFS
2015;O3_peakseason_mean_d1_max_mean_h8gl;76;323;851;5.787277103124381e-4;BAFU & BFS
2015;O3_peakseason_mean_d1_max_mean_h8gl;76.5;162;1013;6.888967926515862e-4;BAFU & BFS
2015;O3_peakseason_mean_d1_max_mean_h8gl;77;471;1484;0.0010092031987117018;BAFU & BFS
2015;O3_peakseason_mean_d1_max_mean_h8gl;77.5;58;1542;0.001048646450413372;BAFU & BFS
2015;O3_peakseason_mean_d1_max_mean_h8gl;78;108;1650;0.0011220925053061375;BAFU & BFS
2015;O3_peakseason_mean_d1_max_mean_h8gl;78.5;395;2045;0.0013907146505157885;BAFU & BFS
2015;O3_peakseason_mean_d1_max_mean_h8gl;79;491;2536;0.001724622177852342;BAFU & BFS
2015;O3_peakseason_mean_d1_max_mean_h8gl;79.5;264;2800;0.0019041569787013241;BAFU & BFS
2015;O3_peakseason_mean_d1_max_mean_h8gl;80;152;2952;0.002007525500402253;BAFU & BFS
2015;O3_peakseason_mean_d1_max_mean_h8gl;80.5;300;3252;0.0022115423195488235;BAFU & BFS
2015;O3_peakseason_mean_d1_max_mean_h8gl;81;568;3820;0.0025978141637996634;BAFU & BFS
2015;O3_peakseason_mean_d1_max_mean_h8gl;81.5;428;4248;0.0028888781591154375;BAFU & BFS
2015;O3_peakseason_mean_d1_max_mean_h8gl;82;516;4764;0.0032397870880475385;BAFU & BFS
2015;O3_peakseason_mean_d1_max_mean_h8gl;82.5;535;5299;0.003603617082192256;BAFU & BFS
2015;O3_peakseason_mean_d1_max_mean_h8gl;83;542;5841;0.003972207468783726;BAFU & BFS
2015;O3_peakseason_mean_d1_max_mean_h8gl;83.5;504;6345;0.004314955724949965;BAFU & BFS
2015;O3_peakseason_mean_d1_max_mean_h8gl;84;760;7105;0.00483179833345461;BAFU & BFS
2015;O3_peakseason_mean_d1_max_mean_h8gl;84.5;980;8085;0.005498253276000073;BAFU & BFS
2015;O3_peakseason_mean_d1_max_mean_h8gl;85;869;8954;0.006089221995461306;BAFU & BFS
2015;O3_peakseason_mean_d1_max_mean_h8gl;85.5;2067;11021;0.007494897879381176;BAFU & BFS
2015;O3_peakseason_mean_d1_max_mean_h8gl;86;678;11699;0.007955975890652426;BAFU & BFS
2015;O3_peakseason_mean_d1_max_mean_h8gl;86.5;1603;13302;0.009046105760958933;BAFU & BFS
2015;O3_peakseason_mean_d1_max_mean_h8gl;87;1528;14830;0.010085231426478799;BAFU & BFS
2015;O3_peakseason_mean_d1_max_mean_h8gl;87.5;3100;17930;0.012193405224326694;BAFU & BFS
2015;O3_peakseason_mean_d1_max_mean_h8gl;88;3849;21779;0.014810941013977192;BAFU & BFS
2015;O3_peakseason_mean_d1_max_mean_h8gl;88.5;2939;24718;0.016809625785549762;BAFU & BFS
2015;O3_peakseason_mean_d1_max_mean_h8gl;89;4649;29367;0.01997120642625778;BAFU & BFS
2015;O3_peakseason_mean_d1_max_mean_h8gl;89.5;4502;33869;0.02303281882558398;BAFU & BFS
2015;O3_peakseason_mean_d1_max_mean_h8gl;90;5594;39463;0.0268370524466037;BAFU & BFS
2015;O3_peakseason_mean_d1_max_mean_h8gl;90.5;10493;49956;0.03397288072428691;BAFU & BFS
2015;O3_peakseason_mean_d1_max_mean_h8gl;91;11649;61605;0.04189485381174824;BAFU & BFS
2015;O3_peakseason_mean_d1_max_mean_h8gl;91.5;16537;78142;0.05314094093917102;BAFU & BFS
2015;O3_peakseason_mean_d1_max_mean_h8gl;92;21456;99598;0.06773222384453374;BAFU & BFS
2015;O3_peakseason_mean_d1_max_mean_h8gl;92.5;24132;123730;0.08414333677668387;BAFU & BFS
2015;O3_peakseason_mean_d1_max_mean_h8gl;93;33408;157138;0.10686264975684595;BAFU & BFS
2015;O3_peakseason_mean_d1_max_mean_h8gl;93.5;35677;192815;0.13112500994581994;BAFU & BFS
2015;O3_peakseason_mean_d1_max_mean_h8gl;94;45632;238447;0.16215732825014095;BAFU & BFS
2015;O3_peakseason_mean_d1_max_mean_h8gl;94.5;50782;289229;0.19669193528314474;BAFU & BFS
2015;O3_peakseason_mean_d1_max_mean_h8gl;95;63255;352484;0.23970888160019913;BAFU & BFS
2015;O3_peakseason_mean_d1_max_mean_h8gl;95.5;69986;422470;0.2873032852828387;BAFU & BFS
2015;O3_peakseason_mean_d1_max_mean_h8gl;96;62482;484952;0.3297945482625588;BAFU & BFS
2015;O3_peakseason_mean_d1_max_mean_h8gl;96.5;78764;563716;0.383358484073427;BAFU & BFS
2015;O3_peakseason_mean_d1_max_mean_h8gl;97;92794;656510;0.44646360645971656;BAFU & BFS
2015;O3_peakseason_mean_d1_max_mean_h8gl;97.5;108122;764632;0.5199926281922682;BAFU & BFS
2015;O3_peakseason_mean_d1_max_mean_h8gl;98;98935;863567;0.587273974866488;BAFU & BFS
2015;O3_peakseason_mean_d1_max_mean_h8gl;98.5;99680;963247;0.6550619633082552;BAFU & BFS
2015;O3_peakseason_mean_d1_max_mean_h8gl;99;106271;1069518;0.7273322012666724;BAFU & BFS
2015;O3_peakseason_mean_d1_max_mean_h8gl;99.5;109462;1178980;0.8017724981247454;BAFU & BFS
2015;O3_peakseason_mean_d1_max_mean_h8gl;100;84624;1263604;0.85932156246961;BAFU & BFS
2015;O3_peakseason_mean_d1_max_mean_h8gl;100.5;54528;1318132;0.8964036595176906;BAFU & BFS
2015;O3_peakseason_mean_d1_max_mean_h8gl;101;36410;1354542;0.9211645008014461;BAFU & BFS
2015;O3_peakseason_mean_d1_max_mean_h8gl;101.5;32607;1387149;0.9433390888744868;BAFU & BFS
2015;O3_peakseason_mean_d1_max_mean_h8gl;102;33355;1420504;0.9660223588832664;BAFU & BFS
2015;O3_peakseason_mean_d1_max_mean_h8gl;102.5;23881;1444385;0.9822627777433972;BAFU & BFS
2015;O3_peakseason_mean_d1_max_mean_h8gl;103;13214;1457599;0.9912490385707398;BAFU & BFS
2015;O3_peakseason_mean_d1_max_mean_h8gl;103.5;5426;1463025;0.9949390227730374;BAFU & BFS
2015;O3_peakseason_mean_d1_max_mean_h8gl;104;2569;1465594;0.9966860868009959;BAFU & BFS
2015;O3_peakseason_mean_d1_max_mean_h8gl;104.5;1843;1467437;0.9979394301266197;BAFU & BFS
2015;O3_peakseason_mean_d1_max_mean_h8gl;105;1359;1468796;0.9988636263173536;BAFU & BFS
2015;O3_peakseason_mean_d1_max_mean_h8gl;105.5;831;1469627;0.9994287529063896;BAFU & BFS
2015;O3_peakseason_mean_d1_max_mean_h8gl;106;507;1470134;0.9997735413307474;BAFU & BFS
2015;O3_peakseason_mean_d1_max_mean_h8gl;106.5;229;1470363;0.9999292741693625;BAFU & BFS
2015;O3_peakseason_mean_d1_max_mean_h8gl;107;71;1470434;0.9999775581498939;BAFU & BFS
2015;O3_peakseason_mean_d1_max_mean_h8gl;107.5;26;1470460;0.9999952396075532;BAFU & BFS
2015;O3_peakseason_mean_d1_max_mean_h8gl;108;3;1470463;0.9999972797757447;BAFU & BFS
2015;O3_peakseason_mean_d1_max_mean_h8gl;108.5;4;1470467;1;BAFU & BFS
2015;PM10;7.5;7;7;4.7603924467533106e-6;BAFU & BFS
2015;PM10;7.8999999999999995;9;16;1.0880897021150424e-5;BAFU & BFS
2015;PM10;8.1;6;22;1.4961233404081833e-5;BAFU & BFS
2015;PM10;8.299999999999999;17;39;2.6522186489054157e-5;BAFU & BFS
2015;PM10;8.5;60;99;6.732555031836825e-5;BAFU & BFS
2015;PM10;8.7;105;204;1.3873143701966791e-4;BAFU & BFS
2015;PM10;8.9;112;316;2.1489771616772086e-4;BAFU & BFS
2015;PM10;9.1;186;502;3.4138814403859456e-4;BAFU & BFS
2015;PM10;9.299999999999999;225;727;4.944007583985224e-4;BAFU & BFS
2015;PM10;9.5;253;980;6.664549425454635e-4;BAFU & BFS
2015;PM10;9.7;372;1352;9.194357982872108e-4;BAFU & BFS
2015;PM10;9.9;655;2007;0.0013648725200905562;BAFU & BFS
2015;PM10;10.1;915;2922;0.001987123818487596;BAFU & BFS
2015;PM10;10.299999999999999;959;3881;0.0026392975836927995;BAFU & BFS
2015;PM10;10.5;1157;5038;0.0034261224495347395;BAFU & BFS
2015;PM10;10.7;1189;6227;0.0042347091094189805;BAFU & BFS
2015;PM10;10.9;1746;7973;0.005422086996852021;BAFU & BFS
2015;PM10;11.1;3868;11841;0.008052543851715135;BAFU & BFS
2015;PM10;11.299999999999999;5425;17266;0.01174184799794895;BAFU & BFS
2015;PM10;11.5;8544;25810;0.017552247007243275;BAFU & BFS
2015;PM10;11.7;11605;37415;0.025444297627896444;BAFU & BFS
2015;PM10;11.9;17083;54498;0.037061695366165985;BAFU & BFS
2015;PM10;12.1;24901;79399;0.05399577141139515;BAFU & BFS
2015;PM10;12.299999999999999;34906;114305;0.07773380837516244;BAFU & BFS
2015;PM10;12.5;44532;158837;0.10801806500927937;BAFU & BFS
2015;PM10;12.7;49619;208456;0.14176176684005828;BAFU & BFS
2015;PM10;12.9;53868;262324;0.1783950268860165;BAFU & BFS
2015;PM10;13.1;65546;327870;0.22296998164528684;BAFU & BFS
2015;PM10;13.299999999999999;80114;407984;0.27745199314231467;BAFU & BFS
2015;PM10;13.5;90353;498337;0.3388970986768149;BAFU & BFS
2015;PM10;13.7;95225;593562;0.40365543735425546;BAFU & BFS
2015;PM10;13.9;103842;697404;0.47427381913364935;BAFU & BFS
2015;PM10;14.1;109974;807378;0.5490623046963992;BAFU & BFS
2015;PM10;14.299999999999999;102316;909694;0.6186429209224008;BAFU & BFS
2015;PM10;14.5;96633;1006327;0.6843587785377027;BAFU & BFS
2015;PM10;14.7;77813;1084140;0.7372759810318763;BAFU & BFS
2015;PM10;14.9;68539;1152679;0.7838863435901656;BAFU & BFS
2015;PM10;15.1;70160;1222839;0.8315990770279101;BAFU & BFS
2015;PM10;15.299999999999999;52598;1275437;0.8673686658728146;BAFU & BFS
2015;PM10;15.5;42780;1318217;0.8964614642831155;BAFU & BFS
2015;PM10;15.7;34391;1352608;0.9198492723740145;BAFU & BFS
2015;PM10;15.9;32792;1385400;0.9421496708188624;BAFU & BFS
2015;PM10;16.1;21406;1406806;0.956706950921034;BAFU & BFS
2015;PM10;16.3;16864;1423670;0.9681754163813264;BAFU & BFS
2015;PM10;16.5;11201;1434871;0.9757927243521956;BAFU & BFS
2015;PM10;16.700000000000003;9935;1444806;0.9825490813462662;BAFU & BFS
2015;PM10;16.900000000000002;7030;1451836;0.9873298754749341;BAFU & BFS
2015;PM10;17.1;3509;1455345;0.9897161922028852;BAFU & BFS
2015;PM10;17.3;2406;1457751;0.9913524070924407;BAFU & BFS
2015;PM10;17.5;1717;1459468;0.9925200633540229;BAFU & BFS
2015;PM10;17.700000000000003;1597;1461065;0.9936061128879465;BAFU & BFS
2015;PM10;17.900000000000002;1166;1462231;0.9943990582583628;BAFU & BFS
2015;PM10;18.1;2590;1464821;0.9961604034636615;BAFU & BFS
2015;PM10;18.3;1266;1466087;0.99702135444046;BAFU & BFS
2015;PM10;18.5;701;1466788;0.9974980737411993;BAFU & BFS
2015;PM10;18.700000000000003;970;1467758;0.9981577281231064;BAFU & BFS
2015;PM10;18.900000000000002;525;1468283;0.998514757556613;BAFU & BFS
2015;PM10;19.1;226;1468509;0.9986684502270368;BAFU & BFS
2015;PM10;19.3;165;1468674;0.9987806594775673;BAFU & BFS
2015;PM10;19.5;311;1468985;0.9989921569134159;BAFU & BFS
2015;PM10;19.700000000000003;383;1469368;0.9992526183858598;BAFU & BFS
2015;PM10;19.900000000000002;163;1469531;0.9993634675242627;BAFU & BFS
2015;PM10;20.1;223;1469754;0.999515120026495;BAFU & BFS
2015;PM10;20.3;42;1469796;0.9995436823811755;BAFU & BFS
2015;PM10;20.5;306;1470102;0.999751779536705;BAFU & BFS
2015;PM10;20.700000000000003;233;1470335;0.9999102325995755;BAFU & BFS
2015;PM10;21.1;31;1470366;0.999931314337554;BAFU & BFS
2015;PM10;21.3;56;1470422;0.999969397477128;BAFU & BFS
2015;PM10;21.900000000000002;32;1470454;0.9999911592711703;BAFU & BFS
2015;PM10;22.3;3;1470457;0.9999931994393618;BAFU & BFS
2015;PM10;22.900000000000002;5;1470462;0.9999965997196809;BAFU & BFS
2015;PM10;23.1;5;1470467;1;BAFU & BFS
2015;PM2.5;6.5;10;10;6.800560638219015e-6;BAFU & BFS
2015;PM2.5;6.699999999999999;3;13;8.84072882968472e-6;BAFU & BFS
2015;PM2.5;6.8999999999999995;12;25;1.7001401595547536e-5;BAFU & BFS
2015;PM2.5;7.1;41;66;4.4883700212245496e-5;BAFU & BFS
2015;PM2.5;7.3;138;204;1.3873143701966791e-4;BAFU & BFS
2015;PM2.5;7.5;283;487;3.31187303081266e-4;BAFU & BFS
2015;PM2.5;7.699999999999999;383;870;5.916487755250543e-4;BAFU & BFS
2015;PM2.5;7.8999999999999995;664;1534;0.0010432060019027968;BAFU & BFS
2015;PM2.5;8.1;1251;2785;0.0018939561377439957;BAFU & BFS
2015;PM2.5;8.299999999999999;1847;4632;0.0031500196876230475;BAFU & BFS
2015;PM2.5;8.5;2691;7323;0.0049800505553677845;BAFU & BFS
2015;PM2.5;8.7;5645;12968;0.008818967035642418;BAFU & BFS
2015;PM2.5;8.9;15471;28439;0.019340114399031057;BAFU & BFS
2015;PM2.5;9.1;40443;68882;0.04684362178818022;BAFU & BFS
2015;PM2.5;9.299999999999999;70721;139603;0.09493786667772891;BAFU & BFS
2015;PM2.5;9.5;94775;234378;0.15939018012644962;BAFU & BFS
2015;PM2.5;9.7;143095;377473;0.2567028025790446;BAFU & BFS
2015;PM2.5;9.9;183775;561248;0.38168010570791455;BAFU & BFS
2015;PM2.5;10.1;226594;787842;0.5357767294335745;BAFU & BFS
2015;PM2.5;10.299999999999999;182109;969951;0.6596210591601172;BAFU & BFS
2015;PM2.5;10.5;148679;1118630;0.7607311146730936;BAFU & BFS
2015;PM2.5;10.7;123221;1241851;0.8445283029132922;BAFU & BFS
2015;PM2.5;10.9;94581;1336432;0.9088486854856315;BAFU & BFS
2015;PM2.5;11.1;65675;1402107;0.9535113674771348;BAFU & BFS
2015;PM2.5;11.299999999999999;30836;1432943;0.974481576261147;BAFU & BFS
2015;PM2.5;11.5;17555;1450498;0.9864199604615405;BAFU & BFS
2015;PM2.5;11.7;7543;1458041;0.9915496233509491;BAFU & BFS
2015;PM2.5;11.9;3428;1461469;0.9938808555377305;BAFU & BFS
2015;PM2.5;12.1;2757;1464226;0.9957557701056875;BAFU & BFS
2015;PM2.5;12.299999999999999;2192;1466418;0.9972464529975851;BAFU & BFS
2015;PM2.5;12.5;1261;1467679;0.9981040036940645;BAFU & BFS
2015;PM2.5;12.7;846;1468525;0.9986793311240578;BAFU & BFS
2015;PM2.5;12.9;582;1469107;0.9990751237532022;BAFU & BFS
2015;PM2.5;13.1;637;1469744;0.9995083194658567;BAFU & BFS
2015;PM2.5;13.299999999999999;106;1469850;0.9995804054086219;BAFU & BFS
2015;PM2.5;13.5;469;1470319;0.9998993517025544;BAFU & BFS
2015;PM2.5;13.7;100;1470419;0.9999673573089366;BAFU & BFS
2015;PM2.5;13.9;6;1470425;0.9999714376453195;BAFU & BFS
2015;PM2.5;14.1;32;1470457;0.9999931994393618;BAFU & BFS
2015;PM2.5;14.7;5;1470462;0.9999965997196809;BAFU & BFS
2015;PM2.5;14.9;5;1470467;1;BAFU & BFS
2020;NO2;4.5;4;4;2.568183671359808e-6;BAFU & BFS
2020;NO2;5.5;46;50;3.21022958919976e-5;BAFU & BFS
2020;NO2;6.5;428;478;3.068979487274971e-4;BAFU & BFS
2020;NO2;7.5;1846;2324;0.0014921147130600486;BAFU & BFS
2020;NO2;8.5;4378;6702;0.004302991741363359;BAFU & BFS
2020;NO2;9.5;17057;23759;0.015254368961959421;BAFU & BFS
2020;NO2;10.5;65445;89204;0.05727306405499508;BAFU & BFS
2020;NO2;11.5;80572;169776;0.1090039877471957;BAFU & BFS
2020;NO2;12.5;171827;341603;0.21932481167188114;BAFU & BFS
2020;NO2;13.5;248813;590416;0.3790741826273931;BAFU & BFS
2020;NO2;14.5;227746;818162;0.5252975722317709;BAFU & BFS
2020;NO2;15.5;206844;1025006;0.6581009180614579;BAFU & BFS
2020;NO2;16.5;151979;1176985;0.755678414608856;BAFU & BFS
2020;NO2;17.5;131797;1308782;0.8402981404424081;BAFU & BFS
2020;NO2;18.5;93458;1402240;0.9003024678318944;BAFU & BFS
2020;NO2;19.5;60206;1462446;0.9389574843613665;BAFU & BFS
2020;NO2;20.5;35464;1497910;0.9617270007916426;BAFU & BFS
2020;NO2;21.5;21107;1519017;0.9752786639794905;BAFU & BFS
2020;NO2;22.5;11304;1530321;0.9825363510347533;BAFU & BFS
2020;NO2;23.5;7565;1537886;0.9873934284032125;BAFU & BFS
2020;NO2;24.5;5984;1543870;0.9912354311755668;BAFU & BFS
2020;NO2;25.5;2398;1546268;0.992775057286547;BAFU & BFS
2020;NO2;26.5;3457;1549725;0.9949946100245197;BAFU & BFS
2020;NO2;27.5;1648;1551373;0.99605270169712;BAFU & BFS
2020;NO2;28.5;1113;1552486;0.9967672988036759;BAFU & BFS
2020;NO2;29.5;1357;1553843;0.9976385551141846;BAFU & BFS
2020;NO2;30.5;499;1554342;0.9979589360271868;BAFU & BFS
2020;NO2;31.5;588;1554930;0.9983364590268767;BAFU & BFS
2020;NO2;32.5;1132;1556062;0.9990632550058716;BAFU & BFS
2020;NO2;33.5;117;1556179;0.9991383743782588;BAFU & BFS
2020;NO2;34.5;591;1556770;0.9995178235157022;BAFU & BFS
2020;NO2;35.5;139;1556909;0.9996070678982819;BAFU & BFS
2020;NO2;36.5;268;1557177;0.9997791362042631;BAFU & BFS
2020;NO2;37.5;70;1557247;0.9998240794185118;BAFU & BFS
2020;NO2;38.5;89;1557336;0.9998812215051996;BAFU & BFS
2020;NO2;39.5;6;1557342;0.9998850737807067;BAFU & BFS
2020;NO2;40.5;57;1557399;0.9999216703980235;BAFU & BFS
2020;NO2;41.5;75;1557474;0.9999698238418615;BAFU & BFS
2020;NO2;42.5;13;1557487;0.9999781704387934;BAFU & BFS
2020;NO2;44.5;20;1557507;0.9999910113571503;BAFU & BFS
2020;NO2;47.5;11;1557518;0.9999980738622465;BAFU & BFS
2020;NO2;48.5;3;1557521;1;BAFU & BFS
2020;O3_max_98p_m1;126;6;6;3.852275507039713e-6;BAFU & BFS
2020;O3_max_98p_m1;128;26;32;2.0545469370878465e-5;BAFU & BFS
2020;O3_max_98p_m1;128.5;29;61;3.9164800988237075e-5;BAFU & BFS
2020;O3_max_98p_m1;129;160;221;1.418921478426294e-4;BAFU & BFS
2020;O3_max_98p_m1;129.5;91;312;2.0031832636606503e-4;BAFU & BFS
2020;O3_max_98p_m1;130;409;721;4.629151067626054e-4;BAFU & BFS
2020;O3_max_98p_m1;130.5;210;931;5.977447495089954e-4;BAFU & BFS
2020;O3_max_98p_m1;131;1051;1982;0.001272535009158785;BAFU & BFS
2020;O3_max_98p_m1;131.5;344;2326;0.0014933988048957286;BAFU & BFS
2020;O3_max_98p_m1;132;3658;5984;0.003842002772354273;BAFU & BFS
2020;O3_max_98p_m1;132.5;754;6738;0.004326105394405597;BAFU & BFS
2020;O3_max_98p_m1;133;6769;13507;0.008672114212264232;BAFU & BFS
2020;O3_max_98p_m1;133.5;2428;15935;0.010231001700779636;BAFU & BFS
2020;O3_max_98p_m1;134;7891;23826;0.015297386038454697;BAFU & BFS
2020;O3_max_98p_m1;134.5;2676;26502;0.01701550091459441;BAFU & BFS
2020;O3_max_98p_m1;135;11340;37842;0.024296301622899467;BAFU & BFS
2020;O3_max_98p_m1;135.5;2282;40124;0.025761450407410236;BAFU & BFS
2020;O3_max_98p_m1;136;16126;56250;0.0361150828784973;BAFU & BFS
2020;O3_max_98p_m1;136.5;4198;60448;0.03881039164158942;BAFU & BFS
2020;O3_max_98p_m1;137;38624;99072;0.06360877317223973;BAFU & BFS
2020;O3_max_98p_m1;137.5;9130;108202;0.0694706524021185;BAFU & BFS
2020;O3_max_98p_m1;138;73355;181557;0.11656793070526818;BAFU & BFS
2020;O3_max_98p_m1;138.5;16645;198202;0.12725478500771417;BAFU & BFS
2020;O3_max_98p_m1;139;115700;313902;0.20153949770179663;BAFU & BFS
2020;O3_max_98p_m1;139.5;19424;333326;0.21401059760991986;BAFU & BFS
2020;O3_max_98p_m1;140;166324;499650;0.32079824284873204;BAFU & BFS
2020;O3_max_98p_m1;140.5;28254;527904;0.33893860821138205;BAFU & BFS
2020;O3_max_98p_m1;141;277172;805076;0.5168957593509172;BAFU & BFS
2020;O3_max_98p_m1;141.5;47801;852877;0.5475861962695848;BAFU & BFS
2020;O3_max_98p_m1;142;537383;1390260;0.8926107577361718;BAFU & BFS
2020;O3_max_98p_m1;142.5;21786;1412046;0.906598370102233;BAFU & BFS
2020;O3_max_98p_m1;143;139112;1551158;0.9959146618247844;BAFU & BFS
2020;O3_max_98p_m1;143.5;1553;1552711;0.9969117591351898;BAFU & BFS
2020;O3_max_98p_m1;144;2536;1555247;0.9985399875828319;BAFU & BFS
2020;O3_max_98p_m1;144.5;674;1555921;0.9989727265314561;BAFU & BFS
2020;O3_max_98p_m1;145;1600;1557521;1;BAFU & BFS
2020;O3_peakseason_mean_d1_max_mean_h8gl;68;3;3;1.9261377535198564e-6;BAFU & BFS
2020;O3_peakseason_mean_d1_max_mean_h8gl;69;11;14;8.988642849759328e-6;BAFU & BFS
2020;O3_peakseason_mean_d1_max_mean_h8gl;70.5;20;34;2.182956120655837e-5;BAFU & BFS
2020;O3_peakseason_mean_d1_max_mean_h8gl;72;10;44;2.825002038495789e-5;BAFU & BFS
2020;O3_peakseason_mean_d1_max_mean_h8gl;72.5;3;47;3.0176158138477746e-5;BAFU & BFS
2020;O3_peakseason_mean_d1_max_mean_h8gl;73.5;132;179;1.1492621929335143e-4;BAFU & BFS
2020;O3_peakseason_mean_d1_max_mean_h8gl;74.5;6;185;1.1877849480039114e-4;BAFU & BFS
2020;O3_peakseason_mean_d1_max_mean_h8gl;75.5;89;274;1.7592058148814687e-4;BAFU & BFS
2020;O3_peakseason_mean_d1_max_mean_h8gl;76;63;337;2.1636947431206386e-4;BAFU & BFS
2020;O3_peakseason_mean_d1_max_mean_h8gl;76.5;53;390;2.503979079575813e-4;BAFU & BFS
2020;O3_peakseason_mean_d1_max_mean_h8gl;77;222;612;3.929321017180507e-4;BAFU & BFS
2020;O3_peakseason_mean_d1_max_mean_h8gl;77.5;57;669;4.2952871903492794e-4;BAFU & BFS
2020;O3_peakseason_mean_d1_max_mean_h8gl;78;271;940;6.035231627695549e-4;BAFU & BFS
2020;O3_peakseason_mean_d1_max_mean_h8gl;78.5;487;1427;9.161995247576116e-4;BAFU & BFS
2020;O3_peakseason_mean_d1_max_mean_h8gl;79;32;1459;9.367449941284901e-4;BAFU & BFS
2020;O3_peakseason_mean_d1_max_mean_h8gl;79.5;687;2146;0.001377830539684537;BAFU & BFS
2020;O3_peakseason_mean_d1_max_mean_h8gl;80;569;2715;0.00174315466693547;BAFU & BFS
2020;O3_peakseason_mean_d1_max_mean_h8gl;80.5;468;3183;0.0020436321564845676;BAFU & BFS
2020;O3_peakseason_mean_d1_max_mean_h8gl;81;361;3544;0.0022754107328247903;BAFU & BFS
2020;O3_peakseason_mean_d1_max_mean_h8gl;81.5;800;4344;0.0027890474670967517;BAFU & BFS
2020;O3_peakseason_mean_d1_max_mean_h8gl;82;864;5208;0.0033437751401104703;BAFU & BFS
2020;O3_peakseason_mean_d1_max_mean_h8gl;82.5;842;6050;0.00388437780293171;BAFU & BFS
2020;O3_peakseason_mean_d1_max_mean_h8gl;83;1097;7147;0.004588702174802137;BAFU & BFS
2020;O3_peakseason_mean_d1_max_mean_h8gl;83.5;974;8121;0.005214054898778251;BAFU & BFS
2020;O3_peakseason_mean_d1_max_mean_h8gl;84;2006;10127;0.006501999009965195;BAFU & BFS
2020;O3_peakseason_mean_d1_max_mean_h8gl;84.5;2351;12478;0.008011448962806922;BAFU & BFS
2020;O3_peakseason_mean_d1_max_mean_h8gl;85;1707;14185;0.00910742134455972;BAFU & BFS
2020;O3_peakseason_mean_d1_max_mean_h8gl;85.5;3868;18053;0.011590854954764656;BAFU & BFS
2020;O3_peakseason_mean_d1_max_mean_h8gl;86;5870;23923;0.015359664492485173;BAFU & BFS
2020;O3_peakseason_mean_d1_max_mean_h8gl;86.5;5937;29860;0.01917149110670097;BAFU & BFS
2020;O3_peakseason_mean_d1_max_mean_h8gl;87;8383;38243;0.02455376203595329;BAFU & BFS
2020;O3_peakseason_mean_d1_max_mean_h8gl;87.5;12190;50433;0.032380301774422304;BAFU & BFS
2020;O3_peakseason_mean_d1_max_mean_h8gl;88;17975;68408;0.04392107714759544;BAFU & BFS
2020;O3_peakseason_mean_d1_max_mean_h8gl;88.5;28912;97320;0.062483908724184134;BAFU & BFS
2020;O3_peakseason_mean_d1_max_mean_h8gl;89;38102;135422;0.08694714228572199;BAFU & BFS
2020;O3_peakseason_mean_d1_max_mean_h8gl;89.5;50953;186375;0.11966130793742107;BAFU & BFS
2020;O3_peakseason_mean_d1_max_mean_h8gl;90;72598;258973;0.16627255748076591;BAFU & BFS
2020;O3_peakseason_mean_d1_max_mean_h8gl;90.5;73064;332037;0.21318300042182417;BAFU & BFS
2020;O3_peakseason_mean_d1_max_mean_h8gl;91;105514;437551;0.2809278333967889;BAFU & BFS
2020;O3_peakseason_mean_d1_max_mean_h8gl;91.5;116523;554074;0.3557409498812536;BAFU & BFS
2020;O3_peakseason_mean_d1_max_mean_h8gl;92;102190;656264;0.4213516222253183;BAFU & BFS
2020;O3_peakseason_mean_d1_max_mean_h8gl;92.5;168500;824764;0.5295363593813502;BAFU & BFS
2020;O3_peakseason_mean_d1_max_mean_h8gl;93;183556;1008320;0.6473877398763804;BAFU & BFS
2020;O3_peakseason_mean_d1_max_mean_h8gl;93.5;117779;1126099;0.7230072660336522;BAFU & BFS
2020;O3_peakseason_mean_d1_max_mean_h8gl;94;161495;1287594;0.8266944715352152;BAFU & BFS
2020;O3_peakseason_mean_d1_max_mean_h8gl;94.5;115730;1403324;0.900998445606833;BAFU & BFS
2020;O3_peakseason_mean_d1_max_mean_h8gl;95;66983;1470307;0.9440046073215064;BAFU & BFS
2020;O3_peakseason_mean_d1_max_mean_h8gl;95.5;22320;1492627;0.9583350722076942;BAFU & BFS
2020;O3_peakseason_mean_d1_max_mean_h8gl;96;45764;1538391;0.9877176615917217;BAFU & BFS
2020;O3_peakseason_mean_d1_max_mean_h8gl;96.5;12804;1551195;0.9959384175237445;BAFU & BFS
2020;O3_peakseason_mean_d1_max_mean_h8gl;97;1263;1552458;0.99674932151797635;BAFU & BFS
2020;O3_peakseason_mean_d1_max_mean_h8gl;97.5;3225;1555683;0.9988199196030102;BAFU & BFS
2020;O3_peakseason_mean_d1_max_mean_h8gl;98;1415;1557098;0.9997284145767537;BAFU & BFS
2020;O3_peakseason_mean_d1_max_mean_h8gl;98.5;160;1557258;0.9998311419236081;BAFU & BFS
2020;O3_peakseason_mean_d1_max_mean_h8gl;99;221;1557479;0.9999730340714508;BAFU & BFS
2020;O3_peakseason_mean_d1_max_mean_h8gl;99.5;38;1557517;0.9999974318163286;BAFU & BFS
2020;O3_peakseason_mean_d1_max_mean_h8gl;100;4;1557521;1;BAFU & BFS
2020;PM10;6.3;4;4;2.568183671359808e-6;BAFU & BFS
2020;PM10;6.5;10;14;8.988642849759328e-6;BAFU & BFS
2020;PM10;6.699999999999999;7;21;1.3482964274638994e-5;BAFU & BFS
2020;PM10;6.8999999999999995;20;41;2.6323882631438035e-5;BAFU & BFS
2020;PM10;7.1;98;139;8.924438257975333e-5;BAFU & BFS
2020;PM10;7.3;123;262;1.6821603047406745e-4;BAFU & BFS
2020;PM10;7.5;213;475;3.049718109739772e-4;BAFU & BFS
2020;PM10;7.699999999999999;282;757;4.860287598048437e-4;BAFU & BFS
2020;PM10;7.8999999999999995;335;1092;7.011141422812277e-4;BAFU & BFS
2020;PM10;8.1;601;1693;0.001086983738903039;BAFU & BFS
2020;PM10;8.299999999999999;1159;2852;0.0018311149576795433;BAFU & BFS
2020;PM10;8.5;1161;4013;0.002576530268291728;BAFU & BFS
2020;PM10;8.7;1363;5376;0.0034516388543075825;BAFU & BFS
2020;PM10;8.9;1786;7162;0.004598332863569737;BAFU & BFS
2020;PM10;9.1;3881;11043;0.007090113070706591;BAFU & BFS
2020;PM10;9.299999999999999;6984;18027;0.011574161760900816;BAFU & BFS
2020;PM10;9.5;12375;30402;0.019519479994170225;BAFU & BFS
2020;PM10;9.7;15402;45804;0.029408271220741165;BAFU & BFS
2020;PM10;9.9;22610;68414;0.04392492942310248;BAFU & BFS
2020;PM10;10.1;36774;105188;0.06753552600574889;BAFU & BFS
2020;PM10;10.299999999999999;55138;160326;0.10293665382360816;BAFU & BFS
2020;PM10;10.5;61679;222005;0.14253740399005857;BAFU & BFS
2020;PM10;10.7;72459;294464;0.18905940915082364;BAFU & BFS
2020;PM10;10.9;92522;386986;0.24846278156121168;BAFU & BFS
2020;PM10;11.1;116797;503783;0.3234518186271646;BAFU & BFS
2020;PM10;11.299999999999999;135333;639116;0.4103418188261988;BAFU & BFS
2020;PM10;11.5;142796;781912;0.5020234077100726;BAFU & BFS
2020;PM10;11.7;144228;926140;0.5946244063482932;BAFU & BFS
2020;PM10;11.9;139977;1066117;0.6844960677897762;BAFU & BFS
2020;PM10;12.1;111466;1177583;0.7560623580677243;BAFU & BFS
2020;PM10;12.299999999999999;99947;1277530;0.820232921418074;BAFU & BFS
2020;PM10;12.5;79957;1357487;0.871568986870803;BAFU & BFS
2020;PM10;12.7;49843;1407330;0.9035704815536998;BAFU & BFS
2020;PM10;12.9;44553;1451883;0.93217555333122315;BAFU & BFS
2020;PM10;13.1;34541;1486424;0.9543524613793329;BAFU & BFS
2020;PM10;13.299999999999999;24613;1511037;0.9701551375551277;BAFU & BFS
2020;PM10;13.5;15750;1526787;0.9802673607611069;BAFU & BFS
2020;PM10;13.7;8919;1535706;0.9859937683023214;BAFU & BFS
2020;PM10;13.9;6144;1541850;0.9899384984215301;BAFU & BFS
2020;PM10;14.1;3333;1545183;0.9920784374656907;BAFU & BFS
2020;PM10;14.299999999999999;3722;1548905;0.994468132371891;BAFU & BFS
2020;PM10;14.5;2163;1551068;0.9958568776921788;BAFU & BFS
2020;PM10;14.7;1194;1552262;0.9966234805180797;BAFU & BFS
2020;PM10;14.9;1107;1553369;0.9973342253491285;BAFU & BFS
2020;PM10;15.1;656;1554025;0.9977554074712315;BAFU & BFS
2020;PM10;15.299999999999999;469;1554494;0.9980565270066984;BAFU & BFS
2020;PM10;15.5;520;1555014;0.9983903908839752;BAFU & BFS
2020;PM10;15.7;1175;1556189;0.9991447948374372;BAFU & BFS
2020;PM10;15.9;444;1556633;0.9994298632249581;BAFU & BFS
2020;PM10;16.1;182;1556815;0.999546715582005;BAFU & BFS
2020;PM10;16.3;48;1556863;0.9995775337860613;BAFU & BFS
2020;PM10;16.5;122;1556985;0.9996558633880378;BAFU & BFS
2020;PM10;16.700000000000003;110;1557095;0.9997264884390001;BAFU & BFS
2020;PM10;16.900000000000002;231;1557326;0.9998748010460212;BAFU & BFS
2020;PM10;17.3;6;1557332;0.9998786533215283;BAFU & BFS
2020;PM10;17.5;186;1557518;0.9999980738622465;BAFU & BFS
2020;PM10;17.700000000000003;3;1557521;1;BAFU & BFS
2020;PM2.5;5.5;10;10;6.420459178399521e-6;BAFU & BFS
2020;PM2.5;5.699999999999999;8;18;1.1556826521119137e-5;BAFU & BFS
2020;PM2.5;5.8999999999999995;35;53;3.402843364551746e-5;BAFU & BFS
2020;PM2.5;6.1;150;203;1.3033532132151028e-4;BAFU & BFS
2020;PM2.5;6.3;431;634;4.070571119105296e-4;BAFU & BFS
2020;PM2.5;6.5;743;1377;8.84097228865614e-4;BAFU & BFS
2020;PM2.5;6.699999999999999;1229;2606;0.0016731716618909151;BAFU & BFS
2020;PM2.5;6.8999999999999995;3482;6088;0.003908775547809628;BAFU & BFS
2020;PM2.5;7.1;8181;14269;0.009161353201658276;BAFU & BFS
2020;PM2.5;7.3;27035;41304;0.02651906459046138;BAFU & BFS
2020;PM2.5;7.5;59545;100849;0.06474968876824133;BAFU & BFS
2020;PM2.5;7.699999999999999;101724;202573;0.1300611677145926;BAFU & BFS
2020;PM2.5;7.8999999999999995;162191;364764;0.2341952371749723;BAFU & BFS
2020;PM2.5;8.1;191300;556064;0.35701862125775513;BAFU & BFS
2020;PM2.5;8.299999999999999;247644;803708;0.5160174405353122;BAFU & BFS
2020;PM2.5;8.5;238889;1042597;0.6693951478021806;BAFU & BFS
2020;PM2.5;8.7;201758;1244355;0.7989330480937336;BAFU & BFS
2020;PM2.5;8.9;142149;1386504;0.8901992332687649;BAFU & BFS
2020;PM2.5;9.1;102281;1488785;0.955868331791353;BAFU & BFS
2020;PM2.5;9.299999999999999;41012;1529797;0.9821999189738052;BAFU & BFS
2020;PM2.5;9.5;12375;1542172;0.9901452372070746;BAFU & BFS
2020;PM2.5;9.7;6662;1548834;0.9944225471117243;BAFU & BFS
2020;PM2.5;9.9;3295;1552129;0.996538088411007;BAFU & BFS
2020;PM2.5;10.1;1879;1554008;0.9977444926906283;BAFU & BFS
2020;PM2.5;10.299999999999999;956;1554964;0.9983582885880833;BAFU & BFS
2020;PM2.5;10.5;1265;1556229;0.9991704766741508;BAFU & BFS
2020;PM2.5;10.7;650;1556879;0.9995878065207467;BAFU & BFS
2020;PM2.5;10.9;79;1556958;0.9996385281482562;BAFU & BFS
2020;PM2.5;11.1;367;1557325;0.9998741590001033;BAFU & BFS
2020;PM2.5;11.299999999999999;196;1557521;1;BAFU & BFS
2021;NO2;4.5;9;9;5.736978652064993e-6;BAFU & BFS
2021;NO2;5.5;34;43;2.7410009115421637e-5;BAFU & BFS
2021;NO2;6.5;485;528;3.365694142544796e-4;BAFU & BFS
2021;NO2;7.5;2107;2635;0.0016796598609101398;BAFU & BFS
2021;NO2;8.5;4849;7484;0.004770616470228268;BAFU & BFS
2021;NO2;9.5;19970;27454;0.017500334657088036;BAFU & BFS
2021;NO2;10.5;65189;92643;0.05905454591813969;BAFU & BFS
2021;NO2;11.5;90470;183113;0.11672393021284191;BAFU & BFS
2021;NO2;12.5;197579;380692;0.24266909744576962;BAFU & BFS
2021;NO2;13.5;245240;625932;0.39899539129381617;BAFU & BFS
2021;NO2;14.5;228464;854396;0.5446279569344136;BAFU & BFS
2021;NO2;15.5;200470;1054866;0.6724159691987991;BAFU & BFS
2021;NO2;16.5;153959;1208825;0.7705559132313851;BAFU & BFS
2021;NO2;17.5;126093;1334918;0.850932896473033;BAFU & BFS
2021;NO2;18.5;88687;1423605;0.9074657215525539;BAFU & BFS
2021;NO2;19.5;58239;1481844;0.9445897104100665;BAFU & BFS
2021;NO2;20.5;31923;1513767;0.964938773688941;BAFU & BFS
2021;NO2;21.5;19264;1533031;0.9772184577726499;BAFU & BFS
2021;NO2;22.5;10314;1543345;0.9837930353079164;BAFU & BFS
2021;NO2;23.5;7907;1551252;0.9888332897747917;BAFU & BFS
2021;NO2;24.5;4821;1556073;0.9919063980060812;BAFU & BFS
2021;NO2;25.5;2856;1558929;0.9937269325650031;BAFU & BFS
2021;NO2;26.5;2303;1561232;0.9951949616578594;BAFU & BFS
2021;NO2;27.5;1391;1562623;0.9960816435806397;BAFU & BFS
2021;NO2;28.5;1351;1563974;0.9969428278205218;BAFU & BFS
2021;NO2;29.5;1172;1565146;0.9976899099294352;BAFU & BFS
2021;NO2;30.5;591;1565737;0.9980666381942541;BAFU & BFS
2021;NO2;31.5;719;1566456;0.9985249590443468;BAFU & BFS
2021;NO2;32.5;816;1567272;0.9990451117754674;BAFU & BFS
2021;NO2;33.5;275;1567547;0.9992204083453916;BAFU & BFS
2021;NO2;34.5;581;1568128;0.9995907621894861;BAFU & BFS
2021;NO2;35.5;174;1568302;0.9997016771100926;BAFU & BFS
2021;NO2;36.5;137;1568439;0.9997890066740185;BAFU & BFS
2021;NO2;37.5;86;1568525;0.9998438266922494;BAFU & BFS
2021;NO2;38.5;65;1568590;0.9998852604269587;BAFU & BFS
2021;NO2;39.5;3;1568593;0.9998871727531761;BAFU & BFS
2021;NO2;40.5;11;1568604;0.999894184615973;BAFU & BFS
2021;NO2;41.5;113;1568717;0.9999662155701601;BAFU & BFS
2021;NO2;42.5;11;1568728;0.999973227432957;BAFU & BFS
2021;NO2;43.5;4;1568732;0.9999757772012469;BAFU & BFS
2021;NO2;44.5;20;1568752;0.9999885260426958;BAFU & BFS
2021;NO2;47.5;15;1568767;0.9999980876737826;BAFU & BFS
2021;NO2;48.5;3;1568770;1;BAFU & BFS
2021;O3_max_98p_m1;135;5;5;3.1872103622583296e-06;BAFU & BFS
2021;O3_max_98p_m1;136;4;9;5.736978652064993e-6;BAFU & BFS
2021;O3_max_98p_m1;137;333;342;2.1800518877846976e-4;BAFU & BFS
2021;O3_max_98p_m1;137.5;155;497;3.16808710008478e-4;BAFU & BFS
2021;O3_max_98p_m1;138;1331;1828;0.0011652441084416454;BAFU & BFS
2021;O3_max_98p_m1;138.5;417;2245;0.0014310574526539901;BAFU & BFS
2021;O3_max_98p_m1;139;9278;11523;0.007345245000860547;BAFU & BFS
2021;O3_max_98p_m1;139.5;2478;14001;0.008924826456395776;BAFU & BFS
2021;O3_max_98p_m1;140;63036;77037;0.04910662493545899;BAFU & BFS
2021;O3_max_98p_m1;140.5;10172;87209;0.05559068569643734;BAFU & BFS
2021;O3_max_98p_m1;141;213062;300271;0.1914053685371342;BAFU & BFS
2021;O3_max_98p_m1;141.5;30901;331172;0.2111029660179631;BAFU & BFS
2021;O3_max_98p_m1;142;1045713;1376885;0.877684427927612;BAFU & BFS
2021;O3_max_98p_m1;142.5;14508;1391393;0.8869324375147408;BAFU & BFS
2021;O3_max_98p_m1;143;161514;1552907;0.9898882564046992;BAFU & BFS
2021;O3_max_98p_m1;143.5;3330;1556237;0.9920109385059632;BAFU & BFS
2021;O3_max_98p_m1;144;12533;1568770;1;BAFU & BFS
2021;O3_peakseason_mean_d1_max_mean_h8gl;63;3;3;1.912326217354998e-6;BAFU & BFS
2021;O3_peakseason_mean_d1_max_mean_h8gl;63.5;15;18;1.1473957304129986e-5;BAFU & BFS
2021;O3_peakseason_mean_d1_max_mean_h8gl;65.5;20;38;2.4222798753163305e-5;BAFU & BFS
2021;O3_peakseason_mean_d1_max_mean_h8gl;66.5;7;45;2.868489326032497e-5;BAFU & BFS
2021;O3_peakseason_mean_d1_max_mean_h8gl;67;8;53;3.3784429839938295e-5;BAFU & BFS
2021;O3_peakseason_mean_d1_max_mean_h8gl;67.5;3;56;3.5696756057293295e-5;BAFU & BFS
2021;O3_peakseason_mean_d1_max_mean_h8gl;68;110;166;1.0581538402697655e-4;BAFU & BFS
2021;O3_peakseason_mean_d1_max_mean_h8gl;68.5;8;174;1.1091492060658988e-4;BAFU & BFS
2021;O3_peakseason_mean_d1_max_mean_h8gl;69;3;177;1.1282724682394488e-4;BAFU & BFS
2021;O3_peakseason_mean_d1_max_mean_h8gl;69.5;3;180;1.1473957304129988e-4;BAFU & BFS
2021;O3_peakseason_mean_d1_max_mean_h8gl;70;65;245;1.5617330775065817e-4;BAFU & BFS
2021;O3_peakseason_mean_d1_max_mean_h8gl;70.5;86;331;2.1099332598150143e-4;BAFU & BFS
2021;O3_peakseason_mean_d1_max_mean_h8gl;71.5;137;468;2.983228899073797e-4;BAFU & BFS
2021;O3_peakseason_mean_d1_max_mean_h8gl;72;145;613;3.9075199041287124e-4;BAFU & BFS
2021;O3_peakseason_mean_d1_max_mean_h8gl;72.5;170;783;4.991171427296545e-4;BAFU & BFS
2021;O3_peakseason_mean_d1_max_mean_h8gl;73;440;1223;7.795916546083875e-4;BAFU & BFS
2021;O3_peakseason_mean_d1_max_mean_h8gl;73.5;260;1483;9.453265934458206e-4;BAFU & BFS
2021;O3_peakseason_mean_d1_max_mean_h8gl;74;341;1824;0.0011626943401518387;BAFU & BFS
2021;O3_peakseason_mean_d1_max_mean_h8gl;74.5;581;2405;0.0015330481842462567;BAFU & BFS
2021;O3_peakseason_mean_d1_max_mean_h8gl;75;488;2893;0.0018441199156026696;BAFU & BFS
2021;O3_peakseason_mean_d1_max_mean_h8gl;75.5;431;3324;0.0021188574488293374;BAFU & BFS
2021;O3_peakseason_mean_d1_max_mean_h8gl;76;457;3781;0.002410168475939749;BAFU & BFS
2021;O3_peakseason_mean_d1_max_mean_h8gl;76.5;853;4634;0.00295390656374102;BAFU & BFS
2021;O3_peakseason_mean_d1_max_mean_h8gl;77;925;5559;0.003543540480758811;BAFU & BFS
2021;O3_peakseason_mean_d1_max_mean_h8gl;77.5;625;6184;0.003941941776041102;BAFU & BFS
2021;O3_peakseason_mean_d1_max_mean_h8gl;78;1220;7404;0.004719621104432135;BAFU & BFS
2021;O3_peakseason_mean_d1_max_mean_h8gl;78.5;1518;8922;0.0056872581704137636;BAFU & BFS
2021;O3_peakseason_mean_d1_max_mean_h8gl;79;2491;11413;0.007275126372890864;BAFU & BFS
2021;O3_peakseason_mean_d1_max_mean_h8gl;79.5;1072;12485;0.00795846427455905;BAFU & BFS
2021;O3_peakseason_mean_d1_max_mean_h8gl;80;3282;15767;0.010050549156345416;BAFU & BFS
2021;O3_peakseason_mean_d1_max_mean_h8gl;80.5;4165;19932;0.012705495388106607;BAFU & BFS
2021;O3_peakseason_mean_d1_max_mean_h8gl;81;5852;25784;0.016435806396093756;BAFU & BFS
2021;O3_peakseason_mean_d1_max_mean_h8gl;81.5;6546;32330;0.02060850220236236;BAFU & BFS
2021;O3_peakseason_mean_d1_max_mean_h8gl;82;8452;40782;0.02599616259872384;BAFU & BFS
2021;O3_peakseason_mean_d1_max_mean_h8gl;82.5;17542;58324;0.03717817143367096;BAFU & BFS
2021;O3_peakseason_mean_d1_max_mean_h8gl;83;21602;79926;0.050948195082771854;BAFU & BFS
2021;O3_peakseason_mean_d1_max_mean_h8gl;83.5;33512;113438;0.07231015381477209;BAFU & BFS
2021;O3_peakseason_mean_d1_max_mean_h8gl;84;45035;158473;0.10101735754763286;BAFU & BFS
2021;O3_peakseason_mean_d1_max_mean_h8gl;84.5;56657;215130;0.1371329130465269;BAFU & BFS
2021;O3_peakseason_mean_d1_max_mean_h8gl;85;72084;287214;0.18308228739713278;BAFU & BFS
2021;O3_peakseason_mean_d1_max_mean_h8gl;85.5;106374;393588;0.2508895504121063;BAFU & BFS
2021;O3_peakseason_mean_d1_max_mean_h8gl;86;90888;484476;0.3088253854930933;BAFU & BFS
2021;O3_peakseason_mean_d1_max_mean_h8gl;86.5;111043;595519;0.37960886554434364;BAFU & BFS
2021;O3_peakseason_mean_d1_max_mean_h8gl;87;170878;766397;0.48853369200073943;BAFU & BFS
2021;O3_peakseason_mean_d1_max_mean_h8gl;87.5;185248;951645;0.6066185610382656;BAFU & BFS
2021;O3_peakseason_mean_d1_max_mean_h8gl;88;97547;1049192;0.6687991228797083;BAFU & BFS
2021;O3_peakseason_mean_d1_max_mean_h8gl;88.5;196172;1245364;0.7938474091166965;BAFU & BFS
2021;O3_peakseason_mean_d1_max_mean_h8gl;89;149175;1394539;0.8889378302746738;BAFU & BFS
2021;O3_peakseason_mean_d1_max_mean_h8gl;89.5;32641;1427180;0.9097445769615686;BAFU & BFS
2021;O3_peakseason_mean_d1_max_mean_h8gl;90;63841;1491021;0.9504395163089554;BAFU & BFS
2021;O3_peakseason_mean_d1_max_mean_h8gl;90.5;53651;1544672;0.9846389209380597;BAFU & BFS
2021;O3_peakseason_mean_d1_max_mean_h8gl;91;7720;1552392;0.9895599737373866;BAFU & BFS
2021;O3_peakseason_mean_d1_max_mean_h8gl;91.5;10432;1562824;0.9962097694372024;BAFU & BFS
2021;O3_peakseason_mean_d1_max_mean_h8gl;92;3728;1566552;0.9985861534833022;BAFU & BFS
2021;O3_peakseason_mean_d1_max_mean_h8gl;92.5;646;1567198;0.9989979410621059;BAFU & BFS
2021;O3_peakseason_mean_d1_max_mean_h8gl;93;1231;1568429;0.999782632253294;BAFU & BFS
2021;O3_peakseason_mean_d1_max_mean_h8gl;93.5;301;1568730;0.9999745023171019;BAFU & BFS
2021;O3_peakseason_mean_d1_max_mean_h8gl;94;31;1568761;0.999994263021348;BAFU & BFS
2021;O3_peakseason_mean_d1_max_mean_h8gl;94.5;5;1568766;0.9999974502317102;BAFU & BFS
2021;O3_peakseason_mean_d1_max_mean_h8gl;95;4;1568770;1;BAFU & BFS
2021;PM10;6.8999999999999995;10;10;6.374420724516659e-6;BAFU & BFS
2021;PM10;7.1;12;22;1.402372559393665e-5;BAFU & BFS
2021;PM10;7.3;57;79;5.035792372368161e-5;BAFU & BFS
2021;PM10;7.5;130;209;1.332253931423982e-4;BAFU & BFS
2021;PM10;7.699999999999999;171;380;2.4222798753163307e-4;BAFU & BFS
2021;PM10;7.8999999999999995;241;621;3.9585152699248455e-4;BAFU & BFS
2021;PM10;8.1;311;932;5.940960115249527e-4;BAFU & BFS
2021;PM10;8.299999999999999;455;1387;8.841321544904607e-4;BAFU & BFS
2021;PM10;8.5;698;2085;0.0013290667210617234;BAFU & BFS
2021;PM10;8.7;1267;3352;0.0021367058268579845;BAFU & BFS
2021;PM10;8.9;1125;4477;0.0028538281583661085;BAFU & BFS
2021;PM10;9.1;1401;5878;0.0037468845018708923;BAFU & BFS
2021;PM10;9.299999999999999;2154;8032;0.005119934725931781;BAFU & BFS
2021;PM10;9.5;5040;13072;0.008332642771088177;BAFU & BFS
2021;PM10;9.7;9050;22122;0.014101493526775755;BAFU & BFS
2021;PM10;9.9;16409;38531;0.02456128049363514;BAFU & BFS
2021;PM10;10.1;26585;65116;0.04150767798976268;BAFU & BFS
2021;PM10;10.299999999999999;40553;105669;0.0673578663538951;BAFU & BFS
2021;PM10;10.5;54288;159957;0.10196332158315113;BAFU & BFS
2021;PM10;10.7;61303;221260;0.1410404329506556;BAFU & BFS
2021;PM10;10.9;66825;288085;0.1836374994422382;BAFU & BFS
2021;PM10;11.1;92263;380348;0.24244981737284624;BAFU & BFS
2021;PM10;11.299999999999999;112115;492463;0.31391663532576475;BAFU & BFS
2021;PM10;11.5;129976;622439;0.3967688061347425;BAFU & BFS
2021;PM10;11.7;141770;764209;0.4871389687462152;BAFU & BFS
2021;PM10;11.9;136550;900759;0.5741816837394902;BAFU & BFS
2021;PM10;12.1;143578;1044337;0.6657043416179554;BAFU & BFS
2021;PM10;12.299999999999999;113690;1158027;0.7381751308349853;BAFU & BFS
2021;PM10;12.5;97185;1255212;0.8001249386462005;BAFU & BFS
2021;PM10;12.7;83870;1339082;0.8535872052627218;BAFU & BFS
2021;PM10;12.9;60103;1399185;0.8918993861432842;BAFU & BFS
2021;PM10;13.1;44833;1444018;0.9204778265775098;BAFU & BFS
2021;PM10;13.299999999999999;40283;1484301;0.9461559055820802;BAFU & BFS
2021;PM10;13.5;25396;1509697;0.9623443844540628;BAFU & BFS
2021;PM10;13.7;19399;1529096;0.9747101232175526;BAFU & BFS
2021;PM10;13.9;14192;1543288;0.9837567011097866;BAFU & BFS
2021;PM10;14.1;5988;1549276;0.9875737042396272;BAFU & BFS
2021;PM10;14.299999999999999;5515;1554791;0.9910891972691982;BAFU & BFS
2021;PM10;14.5;3008;1557799;0.9930066230231328;BAFU & BFS
2021;PM10;14.7;3072;1560871;0.9949648450697043;BAFU & BFS
2021;PM10;14.9;1703;1562574;0.9960504089190895;BAFU & BFS
2021;PM10;15.1;827;1563401;0.996577573513007;BAFU & BFS
2021;PM10;15.299999999999999;1161;1564562;0.9973176437591234;BAFU & BFS
2021;PM10;15.5;742;1565304;0.9977906257768825;BAFU & BFS
2021;PM10;15.7;780;1566084;0.9982878305933949;BAFU & BFS
2021;PM10;15.9;275;1566359;0.9984631271633191;BAFU & BFS
2021;PM10;16.1;995;1567354;0.9990973820254084;BAFU & BFS
2021;PM10;16.3;483;1567837;0.9994052665464026;BAFU & BFS
2021;PM10;16.5;202;1568039;0.9995340298450378;BAFU & BFS
2021;PM10;16.700000000000003;215;1568254;0.999671079890615;BAFU & BFS
2021;PM10;16.900000000000002;174;1568428;0.9997819948112215;BAFU & BFS
2021;PM10;17.1;9;1568437;0.9997877317898736;BAFU & BFS
2021;PM10;17.5;120;1568557;0.99986422483856785;BAFU & BFS
2021;PM10;17.700000000000003;6;1568563;0.9998680494910025;BAFU & BFS
2021;PM10;17.900000000000002;161;1568724;0.9999706776646672;BAFU & BFS
2021;PM10;18.1;25;1568749;0.9999866137164786;BAFU & BFS
2021;PM10;18.3;3;1568752;0.9999885260426958;BAFU & BFS
2021;PM10;18.900000000000002;18;1568770;1;BAFU & BFS
2021;PM2.5;5.5;9;9;5.736978652064993e-6;BAFU & BFS
2021;PM2.5;5.699999999999999;7;16;1.0199073159226656e-5;BAFU & BFS
2021;PM2.5;5.8999999999999995;36;52;3.314698776748663e-5;BAFU & BFS
2021;PM2.5;6.1;140;192;1.2238887791071986e-4;BAFU & BFS
2021;PM2.5;6.3;314;506;3.2254568866054296e-4;BAFU & BFS
2021;PM2.5;6.5;513;1019;6.495534718282476e-4;BAFU & BFS
2021;PM2.5;6.699999999999999;1184;2203;0.00140428488561102;BAFU & BFS
2021;PM2.5;6.8999999999999995;2181;4384;0.0027945460456281035;BAFU & BFS
2021;PM2.5;7.1;3567;7951;0.005068301918063196;BAFU & BFS
2021;PM2.5;7.3;9673;17624;0.01123427908488816;BAFU & BFS
2021;PM2.5;7.5;30677;48301;0.030789089541487916;BAFU & BFS
2021;PM2.5;7.699999999999999;64038;112339;0.0716096049771477;BAFU & BFS
2021;PM2.5;7.8999999999999995;123252;235591;0.15017561529096043;BAFU & BFS
2021;PM2.5;8.1;178651;414242;0.26405527897652303;BAFU & BFS
2021;PM2.5;8.299999999999999;220741;634983;0.4047648794915762;BAFU & BFS
2021;PM2.5;8.5;261342;896325;0.5713552655902395;BAFU & BFS
2021;PM2.5;8.7;221513;1117838;0.7125569713852253;BAFU & BFS
2021;PM2.5;8.9;167000;1284838;0.8190097974846536;BAFU & BFS
2021;PM2.5;9.1;127885;1412723;0.9005290769201348;BAFU & BFS
2021;PM2.5;9.299999999999999;89610;1502333;0.9576502610325287;BAFU & BFS
2021;PM2.5;9.5;38079;1540412;0.9819234177094156;BAFU & BFS
2021;PM2.5;9.7;13247;1553659;0.9903676128431829;BAFU & BFS
2021;PM2.5;9.9;5879;1559538;0.9941151347871262;BAFU & BFS
2021;PM2.5;10.1;3658;1563196;0.9964468978881544;BAFU & BFS
2021;PM2.5;10.299999999999999;1662;1564858;0.9975063266125691;BAFU & BFS
2021;PM2.5;10.5;1420;1566278;0.9984114943554504;BAFU & BFS
2021;PM2.5;10.7;990;1567268;0.9990425620071776;BAFU & BFS
2021;PM2.5;10.9;366;1567634;0.9992758658056949;BAFU & BFS
2021;PM2.5;11.1;619;1568253;0.9996704424485425;BAFU & BFS
2021;PM2.5;11.299999999999999;298;1568551;0.9998604001861331;BAFU & BFS
2021;PM2.5;11.5;12;1568563;0.9998680494910025;BAFU & BFS
2021;PM2.5;11.7;189;1568752;0.9999885260426958;BAFU & BFS
2021;PM2.5;12.1;18;1568770;1;BAFU & BFS
2022;NO2;4.5;12;12;7.575461061498856e-6;BAFU & BFS
2022;NO2;5.5;59;71;4.482147794720156e-5;BAFU & BFS
2022;NO2;6.5;798;869;5.485896385368754e-4;BAFU & BFS
2022;NO2;7.5;3022;3891;0.002456343249191004;BAFU & BFS
2022;NO2;8.5;7632;11523;0.007274336484304276;BAFU & BFS
2022;NO2;9.5;39831;51354;0.03241918561268435;BAFU & BFS
2022;NO2;10.5;83409;134763;0.08507432158589752;BAFU & BFS
2022;NO2;11.5;121268;256031;0.16162940591971778;BAFU & BFS
2022;NO2;12.5;251241;507272;0.32023494029905397;BAFU & BFS
2022;NO2;13.5;242021;749293;0.4730199954294718;BAFU & BFS
2022;NO2;14.5;226382;975675;0.6159323309314914;BAFU & BFS
2022;NO2;15.5;160727;1136402;0.7173974251007852;BAFU & BFS
2022;NO2;16.5;145280;1281682;0.8091110070186647;BAFU & BFS
2022;NO2;17.5;107279;1388961;0.8768349976200427;BAFU & BFS
2022;NO2;18.5;74388;1463349;0.9237952807402741;BAFU & BFS
2022;NO2;19.5;48887;1512236;0.9546570778163986;BAFU & BFS
2022;NO2;20.5;28415;1540651;0.972595138321606;BAFU & BFS
2022;NO2;21.5;13176;1553827;0.9809129945671319;BAFU & BFS
2022;NO2;22.5;8137;1561964;0.9860497884552498;BAFU & BFS
2022;NO2;23.5;7063;1569027;0.9905085785783637;BAFU & BFS
2022;NO2;24.5;3742;1572769;0.9928708598527077;BAFU & BFS
2022;NO2;25.5;3226;1575995;0.9949073963014073;BAFU & BFS
2022;NO2;26.5;1754;1577749;0.9960146761932298;BAFU & BFS
2022;NO2;27.5;985;1578734;0.9966364952886945;BAFU & BFS
2022;NO2;28.5;1251;1579985;0.9974262371043557;BAFU & BFS
2022;NO2;29.5;951;1580936;0.9980265923934796;BAFU & BFS
2022;NO2;30.5;737;1581673;0.99849185196034;BAFU & BFS
2022;NO2;31.5;671;1582344;0.9989154464913621;BAFU & BFS
2022;NO2;32.5;539;1582883;0.9992557109507078;BAFU & BFS
2022;NO2;33.5;428;1583311;0.9995259023952345;BAFU & BFS
2022;NO2;34.5;145;1583456;0.9996174392163943;BAFU & BFS
2022;NO2;35.5;228;1583684;0.9997613729765628;BAFU & BFS
2022;NO2;36.5;106;1583790;0.9998282895492727;BAFU & BFS
2022;NO2;37.5;93;1583883;0.9998869993724994;BAFU & BFS
2022;NO2;38.5;14;1583897;0.9998958374104044;BAFU & BFS
2022;NO2;39.5;104;1584001;0.9999614914062707;BAFU & BFS
2022;NO2;40.5;4;1584005;0.9999640165599579;BAFU & BFS
2022;NO2;41.5;17;1584022;0.9999747484631283;BAFU & BFS
2022;NO2;43.5;21;1584043;0.999988005519986;BAFU & BFS
2022;NO2;46.5;16;1584059;0.9999981061347346;BAFU & BFS
2022;NO2;47.5;3;1584062;1;BAFU & BFS
2022;O3_max_98p_m1;136;6;6;3.787730530749428e-6;BAFU & BFS
2022;O3_max_98p_m1;136.5;3;9;5.6815957961241415e-6;BAFU & BFS
2022;O3_max_98p_m1;137;38;47;2.967055582420385e-5;BAFU & BFS
2022;O3_max_98p_m1;137.5;19;66;4.1665035838243704e-5;BAFU & BFS
2022;O3_max_98p_m1;138;189;255;1.6097854755685068e-4;BAFU & BFS
2022;O3_max_98p_m1;138.5;94;349;2.2031965920525838e-4;BAFU & BFS
2022;O3_max_98p_m1;139;425;774;4.886172384666762e-4;BAFU & BFS
2022;O3_max_98p_m1;139.5;129;903;5.700534448777888e-4;BAFU & BFS
2022;O3_max_98p_m1;140;1581;2484;0.0015681204397302632;BAFU & BFS
2022;O3_max_98p_m1;140.5;518;3002;0.001895127842218297;BAFU & BFS
2022;O3_max_98p_m1;141;3338;6340;0.004002368594158562;BAFU & BFS
2022;O3_max_98p_m1;141.5;750;7090;0.00447583491050224;BAFU & BFS
2022;O3_max_98p_m1;142;7314;14404;0.009093078427485793;BAFU & BFS
2022;O3_max_98p_m1;142.5;1237;15641;0.009873982205241966;BAFU & BFS
2022;O3_max_98p_m1;143;4297;19938;0.012586628553680349;BAFU & BFS
2022;O3_max_98p_m1;143.5;1344;21282;0.01343508019256822;BAFU & BFS
2022;O3_max_98p_m1;144;11813;33095;0.02089249031919205;BAFU & BFS
2022;O3_max_98p_m1;144.5;1945;35040;0.022120346299576658;BAFU & BFS
2022;O3_max_98p_m1;145;18364;53404;0.03371332687735707;BAFU & BFS
2022;O3_max_98p_m1;145.5;4446;57850;0.0365200352006424;BAFU & BFS
2022;O3_max_98p_m1;146;37422;95272;0.06014411052092658;BAFU & BFS
2022;O3_max_98p_m1;146.5;6563;101835;0.06428725643314466;BAFU & BFS
2022;O3_max_98p_m1;147;57741;159576;0.10073848119581177;BAFU & BFS
2022;O3_max_98p_m1;147.5;11571;171147;0.10804311952436205;BAFU & BFS
2022;O3_max_98p_m1;148;65566;236713;0.1494341761875482;BAFU & BFS
2022;O3_max_98p_m1;148.5;15790;252503;0.15940222036763713;BAFU & BFS
2022;O3_max_98p_m1;149;145262;397765;0.2511044390939244;BAFU & BFS
2022;O3_max_98p_m1;149.5;29245;427010;0.2695664689892189;BAFU & BFS
2022;O3_max_98p_m1;150;588210;1015220;0.640896631571239;BAFU & BFS
2022;O3_max_98p_m1;150.5;46453;1061673;0.6702218726287229;BAFU & BFS
2022;O3_max_98p_m1;151;427662;1489335;0.9401999416689498;BAFU & BFS
2022;O3_max_98p_m1;151.5;10032;1499367;0.9465330271163629;BAFU & BFS
2022;O3_max_98p_m1;152;78716;1578083;0.9962255265261082;BAFU & BFS
2022;O3_max_98p_m1;152.5;1999;1580082;0.9974874720812695;BAFU & BFS
2022;O3_max_98p_m1;153;2478;1582560;0.9990518047904691;BAFU & BFS
2022;O3_max_98p_m1;153.5;525;1583085;0.9993832312119096;BAFU & BFS
2022;O3_max_98p_m1;154;977;1584062;1;BAFU & BFS
2022;O3_peakseason_mean_d1_max_mean_h8gl;74;3;3;1.893865265374714e-6;BAFU & BFS
2022;O3_peakseason_mean_d1_max_mean_h8gl;75.5;16;19;1.1994480014039854e-5;BAFU & BFS
2022;O3_peakseason_mean_d1_max_mean_h8gl;77;21;40;2.525153687166285e-5;BAFU & BFS
2022;O3_peakseason_mean_d1_max_mean_h8gl;78.5;8;48;3.0301844245995423e-5;BAFU & BFS
2022;O3_peakseason_mean_d1_max_mean_h8gl;79;9;57;3.598344004211956e-5;BAFU & BFS
2022;O3_peakseason_mean_d1_max_mean_h8gl;79.5;4;61;3.850859372928585e-5;BAFU & BFS
2022;O3_peakseason_mean_d1_max_mean_h8gl;80;104;165;1.0416258959560926e-4;BAFU & BFS
2022;O3_peakseason_mean_d1_max_mean_h8gl;80.5;8;173;1.0921289696994183e-4;BAFU & BFS
2022;O3_peakseason_mean_d1_max_mean_h8gl;81;6;179;1.1300062750069126e-4;BAFU & BFS
2022;O3_peakseason_mean_d1_max_mean_h8gl;81.5;93;272;1.717104507273074e-4;BAFU & BFS
2022;O3_peakseason_mean_d1_max_mean_h8gl;82;44;316;1.9948714128613653e-4;BAFU & BFS
2022;O3_peakseason_mean_d1_max_mean_h8gl;82.5;193;509;3.213258066919098e-4;BAFU & BFS
2022;O3_peakseason_mean_d1_max_mean_h8gl;83;97;606;3.825607836056922e-4;BAFU & BFS
2022;O3_peakseason_mean_d1_max_mean_h8gl;83.5;83;689;4.349577226143926e-4;BAFU & BFS
2022;O3_peakseason_mean_d1_max_mean_h8gl;84;88;777;4.905111037320508e-4;BAFU & BFS
2022;O3_peakseason_mean_d1_max_mean_h8gl;84.5;402;1179;7.442890492922625e-4;BAFU & BFS
2022;O3_peakseason_mean_d1_max_mean_h8gl;85;385;1564;9.873350916820174e-4;BAFU & BFS
2022;O3_peakseason_mean_d1_max_mean_h8gl;85.5;512;2076;0.001310554763639302;BAFU & BFS
2022;O3_peakseason_mean_d1_max_mean_h8gl;86;388;2464;0.0015554946712944316;BAFU & BFS
2022;O3_peakseason_mean_d1_max_mean_h8gl;86.5;614;3078;0.0019431057622744563;BAFU & BFS
2022;O3_peakseason_mean_d1_max_mean_h8gl;87;509;3587;0.002264431568966366;BAFU & BFS
2022;O3_peakseason_mean_d1_max_mean_h8gl;87.5;792;4379;0.0027644119990252905;BAFU & BFS
2022;O3_peakseason_mean_d1_max_mean_h8gl;88;818;5197;0.003280805928050796;BAFU & BFS
2022;O3_peakseason_mean_d1_max_mean_h8gl;88.5;569;5766;0.0036400090400502;BAFU & BFS
2022;O3_peakseason_mean_d1_max_mean_h8gl;89;1394;7160;0.004520025100027651;BAFU & BFS
2022;O3_peakseason_mean_d1_max_mean_h8gl;89.5;907;8067;0.005092603698592606;BAFU & BFS
2022;O3_peakseason_mean_d1_max_mean_h8gl;90;1948;10015;0.006322353544242586;BAFU & BFS
2022;O3_peakseason_mean_d1_max_mean_h8gl;90.5;2227;12242;0.007728232859572416;BAFU & BFS
2022;O3_peakseason_mean_d1_max_mean_h8gl;91;2793;15035;0.009491421421636274;BAFU & BFS
2022;O3_peakseason_mean_d1_max_mean_h8gl;91.5;4126;19161;0.012096117449948297;BAFU & BFS
2022;O3_peakseason_mean_d1_max_mean_h8gl;92;5425;24586;0.015520857138167572;BAFU & BFS
2022;O3_peakseason_mean_d1_max_mean_h8gl;92.5;6252;30838;0.019467672351208474;BAFU & BFS
2022;O3_peakseason_mean_d1_max_mean_h8gl;93;9256;40094;0.025310877983311258;BAFU & BFS
2022;O3_peakseason_mean_d1_max_mean_h8gl;93.5;16168;56262;0.03551754918683738;BAFU & BFS
2022;O3_peakseason_mean_d1_max_mean_h8gl;94;21374;77636;0.04901070791421043;BAFU & BFS
2022;O3_peakseason_mean_d1_max_mean_h8gl;94.5;32693;110329;0.06964942028784227;BAFU & BFS
2022;O3_peakseason_mean_d1_max_mean_h8gl;95;45045;155374;0.0980858072474436;BAFU & BFS
2022;O3_peakseason_mean_d1_max_mean_h8gl;95.5;59626;215000;0.13572701068518783;BAFU & BFS
2022;O3_peakseason_mean_d1_max_mean_h8gl;96;62886;277886;0.17542621437797257;BAFU & BFS
2022;O3_peakseason_mean_d1_max_mean_h8gl;96.5;91097;368983;0.23293469573791936;BAFU & BFS
2022;O3_peakseason_mean_d1_max_mean_h8gl;97;108214;477197;0.30124894101367244;BAFU & BFS
2022;O3_peakseason_mean_d1_max_mean_h8gl;97.5;95605;572802;0.3616032705790556;BAFU & BFS
2022;O3_peakseason_mean_d1_max_mean_h8gl;98;124659;697461;0.4402990539511711;BAFU & BFS
2022;O3_peakseason_mean_d1_max_mean_h8gl;98.5;185405;882866;0.5573430837934373;BAFU & BFS
2022;O3_peakseason_mean_d1_max_mean_h8gl;99;201167;1084033;0.6843374817399824;BAFU & BFS
2022;O3_peakseason_mean_d1_max_mean_h8gl;99.5;96846;1180879;0.7454752402368089;BAFU & BFS
2022;O3_peakseason_mean_d1_max_mean_h8gl;100;183293;1364172;0.8611859889322514;BAFU & BFS
2022;O3_peakseason_mean_d1_max_mean_h8gl;100.5;90221;1454393;0.9181414616347088;BAFU & BFS
2022;O3_peakseason_mean_d1_max_mean_h8gl;101;26128;1480521;0.934635765519279;BAFU & BFS
2022;O3_peakseason_mean_d1_max_mean_h8gl;101.5;63976;1544497;0.9750230735918165;BAFU & BFS
2022;O3_peakseason_mean_d1_max_mean_h8gl;102;29133;1573630;0.9934143991838703;BAFU & BFS
2022;O3_peakseason_mean_d1_max_mean_h8gl;102.5;3084;1576714;0.9953612926766755;BAFU & BFS
2022;O3_peakseason_mean_d1_max_mean_h8gl;103;4240;1580954;0.9980379555850718;BAFU & BFS
2022;O3_peakseason_mean_d1_max_mean_h8gl;103.5;2380;1583334;0.9995404220289358;BAFU & BFS
2022;O3_peakseason_mean_d1_max_mean_h8gl;104;236;1583570;0.9996894060964785;BAFU & BFS
2022;O3_peakseason_mean_d1_max_mean_h8gl;104.5;435;1584005;0.9999640165599579;BAFU & BFS
2022;O3_peakseason_mean_d1_max_mean_h8gl;105;48;1584053;0.9999943184042038;BAFU & BFS
2022;O3_peakseason_mean_d1_max_mean_h8gl;105.5;9;1584062;1;BAFU & BFS
2022;PM10;7.1;3;3;1.893865265374714e-6;BAFU & BFS
2022;PM10;7.3;3;6;3.787730530749428e-6;BAFU & BFS
2022;PM10;7.5;14;20;1.2625768435831426e-5;BAFU & BFS
2022;PM10;7.699999999999999;12;32;2.020122949733028e-5;BAFU & BFS
2022;PM10;7.8999999999999995;27;59;3.7246016885702704e-5;BAFU & BFS
2022;PM10;8.1;61;120;7.575461061498855e-5;BAFU & BFS
2022;PM10;8.299999999999999;121;241;1.521405096517687e-4;BAFU & BFS
2022;PM10;8.5;167;408;2.5756567609096107e-4;BAFU & BFS
2022;PM10;8.7;224;632;3.9897428257227305e-4;BAFU & BFS
2022;PM10;8.9;310;942;5.946736933276601e-4;BAFU & BFS
2022;PM10;9.1;336;1278;8.067866030496281e-4;BAFU & BFS
2022;PM10;9.299999999999999;611;1889;0.0011925038287642783;BAFU & BFS
2022;PM10;9.5;1093;2982;0.0018825020737824657;BAFU & BFS
2022;PM10;9.7;1191;4173;0.002634366584136227;BAFU & BFS
2022;PM10;9.9;1055;5228;0.0033003758691263346;BAFU & BFS
2022;PM10;10.1;1738;6966;0.004397555146200086;BAFU & BFS
2022;PM10;10.299999999999999;3220;10186;0.006430303864368945;BAFU & BFS
2022;PM10;10.5;6184;16370;0.010334191464728021;BAFU & BFS
2022;PM10;10.7;8927;25297;0.015969703206061378;BAFU & BFS
2022;PM10;10.9;14626;39923;0.0252029276631849;BAFU & BFS
2022;PM10;11.1;23044;62967;0.03975033805494987;BAFU & BFS
2022;PM10;11.299999999999999;31547;94514;0.05966559389720857;BAFU & BFS
2022;PM10;11.5;42797;137311;0.08668284448462245;BAFU & BFS
2022;PM10;11.7;55767;193078;0.121887905902673;BAFU & BFS
2022;PM10;11.9;58090;251168;0.15855945032454538;BAFU & BFS
2022;PM10;12.1;69594;320762;0.202493336750708;BAFU & BFS
2022;PM10;12.299999999999999;90154;410916;0.2594065131289053;BAFU & BFS
2022;PM10;12.5;100609;511525;0.3229198099569335;BAFU & BFS
2022;PM10;12.7;117453;628978;0.3970665289616189;BAFU & BFS
2022;PM10;12.9;118982;747960;0.47217848796322365;BAFU & BFS
2022;PM10;13.1;118884;866844;0.5472285806994929;BAFU & BFS
2022;PM10;13.299999999999999;126339;993183;0.6269849286202182;BAFU & BFS
2022;PM10;13.5;109391;1102574;0.6960422003684199;BAFU & BFS
2022;PM10;13.7;90609;1193183;0.7532426129785325;BAFU & BFS
2022;PM10;13.9;81000;1274183;0.8043769751436497;BAFU & BFS
2022;PM10;14.1;73670;1347853;0.8508839931770348;BAFU & BFS
2022;PM10;14.299999999999999;50309;1398162;0.8826434823889469;BAFU & BFS
2022;PM10;14.5;40668;1438830;0.9083167199263665;BAFU & BFS
2022;PM10;14.7;42288;1481118;0.9350126447070884;BAFU & BFS
2022;PM10;14.9;27331;1508449;0.9522663885630739;BAFU & BFS
2022;PM10;15.1;24018;1532467;0.9674286738776638;BAFU & BFS
2022;PM10;15.299999999999999;15210;1547677;0.9770305707731137;BAFU & BFS
2022;PM10;15.5;10919;1558596;0.9839236090506559;BAFU & BFS
2022;PM10;15.7;6174;1564770;0.9878211837667971;BAFU & BFS
2022;PM10;15.9;5093;1569863;0.9910363356989815;BAFU & BFS
2022;PM10;16.1;2867;1572730;0.9928462396042579;BAFU & BFS
2022;PM10;16.3;2173;1574903;0.994218029344811;BAFU & BFS
2022;PM10;16.5;2396;1577299;0.9957305964034237;BAFU & BFS
2022;PM10;16.700000000000003;1049;1578348;0.9963928179578829;BAFU & BFS
2022;PM10;16.900000000000002;794;1579142;0.9968940609647855;BAFU & BFS
2022;PM10;17.1;874;1580016;0.9974458070454313;BAFU & BFS
2022;PM10;17.3;636;1580652;0.9978473064816907;BAFU & BFS
2022;PM10;17.5;301;1580953;0.99803732429665;BAFU & BFS
2022;PM10;17.700000000000003;756;1581709;0.9985145783435244;BAFU & BFS
2022;PM10;17.900000000000002;741;1582450;0.998982363064072;BAFU & BFS
2022;PM10;18.1;370;1582820;0.9992159397801349;BAFU & BFS
2022;PM10;18.3;420;1583240;0.9994810809172874;BAFU & BFS
2022;PM10;18.5;93;1583333;0.9995397907405139;BAFU & BFS
2022;PM10;18.700000000000003;265;1583598;0.9997070821722888;BAFU & BFS
2022;PM10;18.900000000000002;129;1583727;0.9997885183786999;BAFU & BFS
2022;PM10;19.1;12;1583739;0.9997960938397613;BAFU & BFS
2022;PM10;19.3;3;1583742;0.9997979877050267;BAFU & BFS
2022;PM10;19.5;112;1583854;0.9998686920082673;BAFU & BFS
2022;PM10;19.700000000000003;7;1583861;0.9998731110272199;BAFU & BFS
2022;PM10;19.900000000000002;154;1584015;0.9999703294441757;BAFU & BFS
2022;PM10;20.1;25;1584040;0.9999861116547206;BAFU & BFS
2022;PM10;20.3;4;1584044;0.9999886368084078;BAFU & BFS
2022;PM10;20.900000000000002;18;1584062;1;BAFU & BFS
2022;PM2.5;5.699999999999999;3;3;1.893865265374714e-6;BAFU & BFS
2022;PM2.5;5.8999999999999995;12;15;9.469326326873569e-6;BAFU & BFS
2022;PM2.5;6.1;26;41;2.5882825293454423e-5;BAFU & BFS
2022;PM2.5;6.3;59;100;6.312884217915712e-5;BAFU & BFS
2022;PM2.5;6.5;176;276;1.7423560441447367e-4;BAFU & BFS
2022;PM2.5;6.699999999999999;252;528;3.3332028670594963e-4;BAFU & BFS
2022;PM2.5;6.8999999999999995;479;1007;6.357074407441123e-4;BAFU & BFS
2022;PM2.5;7.1;1035;2042;0.0012890909572983887;BAFU & BFS
2022;PM2.5;7.3;1636;3678;0.0023218788153493994;BAFU & BFS
2022;PM2.5;7.5;3247;6925;0.004371672320906631;BAFU & BFS
2022;PM2.5;7.699999999999999;6358;13283;0.00838540410665744;BAFU & BFS
2022;PM2.5;7.8999999999999995;17068;30351;0.01916023488979598;BAFU & BFS
2022;PM2.5;8.1;48892;79243;0.05002518840802948;BAFU & BFS
2022;PM2.5;8.299999999999999;88513;167756;0.10590242048606684;BAFU & BFS
2022;PM2.5;8.5;127493;295249;0.18638727524553964;BAFU & BFS
2022;PM2.5;8.7;181714;476963;0.3011012195229732;BAFU & BFS
2022;PM2.5;8.9;218943;695906;0.4393174004552852;BAFU & BFS
2022;PM2.5;9.1;247628;943534;0.5956420897666884;BAFU & BFS
2022;PM2.5;9.299999999999999;204712;1148246;0.7248744051684846;BAFU & BFS
2022;PM2.5;9.5;151836;1300082;0.8207267139796296;BAFU & BFS
2022;PM2.5;9.7;123716;1423798;0.8988271923699956;BAFU & BFS
2022;PM2.5;9.9;84044;1507842;0.9518831964910465;BAFU & BFS
2022;PM2.5;10.1;41298;1549140;0.9779541457341947;BAFU & BFS
2022;PM2.5;10.299999999999999;16565;1565705;0.9884114384411721;BAFU & BFS
2022;PM2.5;10.5;7394;1573099;0.993079185031899;BAFU & BFS
2022;PM2.5;10.7;4278;1577377;0.9957798369003233;BAFU & BFS
2022;PM2.5;10.9;2350;1579727;0.9972633646915335;BAFU & BFS
2022;PM2.5;11.1;1308;1581035;0.9980890899472369;BAFU & BFS
2022;PM2.5;11.299999999999999;666;1581701;0.9985095280361501;BAFU & BFS
2022;PM2.5;11.5;1123;1582824;0.999218464933822;BAFU & BFS
2022;PM2.5;11.7;573;1583397;0.9995801931995086;BAFU & BFS
2022;PM2.5;11.9;228;1583625;0.999724126959677;BAFU & BFS
2022;PM2.5;12.1;224;1583849;0.9998655355661584;BAFU & BFS
2022;PM2.5;12.299999999999999;16;1583865;0.999875636180907;BAFU & BFS
2022;PM2.5;12.5;179;1584044;0.9999886368084078;BAFU & BFS
2022;PM2.5;12.9;18;1584062;1;BAFU & BFS
2023;NO2;4.5;45;45;2.7957968611277997e-5;BAFU & BFS
2023;NO2;5.5;451;496;3.081589429154197e-4;BAFU & BFS
2023;NO2;6.5;2564;3060;0.0019011418655669038;BAFU & BFS
2023;NO2;7.5;7520;10580;0.006573229064607138;BAFU & BFS
2023;NO2;8.5;42028;52608;0.03268472917115806;BAFU & BFS
2023;NO2;9.5;96887;149495;0.0928794781676223;BAFU & BFS
2023;NO2;10.5;165380;314875;0.19562811925502577;BAFU & BFS
2023;NO2;11.5;314833;629708;0.39123014440601434;BAFU & BFS
2023;NO2;12.5;263681;893389;0.5550520359924676;BAFU & BFS
2023;NO2;13.5;221317;1114706;0.6925536746400722;BAFU & BFS
2023;NO2;14.5;177804;1292510;0.8030212002169539;BAFU & BFS
2023;NO2;15.5;124443;1416953;0.880336166614582;BAFU & BFS
2023;NO2;16.5;83176;1500129;0.9320124332192855;BAFU & BFS
2023;NO2;17.5;47764;1547893;0.9616876423914874;BAFU & BFS
2023;NO2;18.5;23920;1571813;0.97654885592886;BAFU & BFS
2023;NO2;19.5;12995;1584808;0.9846224959756057;BAFU & BFS
2023;NO2;20.5;8381;1593189;0.9898295123074085;BAFU & BFS
2023;NO2;21.5;4619;1597808;0.9926992424633083;BAFU & BFS
2023;NO2;22.5;3409;1601217;0.9948172139076604;BAFU & BFS
2023;NO2;23.5;2039;1603256;0.996084020529847;BAFU & BFS
2023;NO2;24.5;1252;1604508;0.9968618733454319;BAFU & BFS
2023;NO2;25.5;1396;1605904;0.9977291916605728;BAFU & BFS
2023;NO2;26.5;840;1606744;0.9982510737413167;BAFU & BFS
2023;NO2;27.5;807;1607551;0.9987524533117457;BAFU & BFS
2023;NO2;28.5;563;1608114;0.9991022385634823;BAFU & BFS
2023;NO2;29.5;692;1608806;0.9995321699919046;BAFU & BFS
2023;NO2;30.5;128;1608934;0.9996116948803989;BAFU & BFS
2023;NO2;31.5;301;1609235;0.9997987026259988;BAFU & BFS
2023;NO2;32.5;122;1609357;0.9998744997853449;BAFU & BFS
2023;NO2;33.5;31;1609388;0.9998937597192772;BAFU & BFS
2023;NO2;34.5;39;1609427;0.9999179899587403;BAFU & BFS
2023;NO2;35.5;81;1609508;0.9999683143022405;BAFU & BFS
2023;NO2;36.5;14;1609522;0.9999770123369196;BAFU & BFS
2023;NO2;38.5;18;1609540;0.9999881955243641;BAFU & BFS
2023;NO2;40.5;16;1609556;0.9999981361354259;BAFU & BFS
2023;NO2;42.5;3;1609559;1;BAFU & BFS
2023;O3_max_98p_m1;143.5;11;11;6.834170104979066e-6;BAFU & BFS
2023;O3_max_98p_m1;144;110;121;7.517587115476972e-5;BAFU & BFS
2023;O3_max_98p_m1;144.5;55;176;1.0934672167966505e-4;BAFU & BFS
2023;O3_max_98p_m1;145;758;934;5.802831707318589e-4;BAFU & BFS
2023;O3_max_98p_m1;145.5;324;1258;7.815805447330605e-4;BAFU & BFS
2023;O3_max_98p_m1;146;7474;8732;0.0054250884869706546;BAFU & BFS
2023;O3_max_98p_m1;146.5;1336;10068;0.006255129510629931;BAFU & BFS
2023;O3_max_98p_m1;147;19277;29345;0.01823170197551006;BAFU & BFS
2023;O3_max_98p_m1;147.5;4031;33376;0.02073611467488921;BAFU & BFS
2023;O3_max_98p_m1;148;80804;114180;0.0709386856896827;BAFU & BFS
2023;O3_max_98p_m1;148.5;9964;124144;0.077129201228411;BAFU & BFS
2023;O3_max_98p_m1;149;284503;408647;0.2538875555353982;BAFU & BFS
2023;O3_max_98p_m1;149.5;19854;428501;0.26622261128669406;BAFU & BFS
2023;O3_max_98p_m1;150;612561;1041062;0.6467995270754288;BAFU & BFS
2023;O3_max_98p_m1;150.5;34722;1075784;0.6683718956558908;BAFU & BFS
2023;O3_max_98p_m1;151;524924;1600708;0.9945009782182573;BAFU & BFS
2023;O3_max_98p_m1;151.5;3224;1603932;0.9965040113472076;BAFU & BFS
2023;O3_max_98p_m1;152;5627;1609559;1;BAFU & BFS
2023;O3_peakseason_mean_d1_max_mean_h8gl;70.5;3;3;1.8638645740851997e-6;BAFU & BFS
2023;O3_peakseason_mean_d1_max_mean_h8gl;72;16;19;1.1804475635872931e-5;BAFU & BFS
2023;O3_peakseason_mean_d1_max_mean_h8gl;73.5;18;37;2.298766308038413e-5;BAFU & BFS
2023;O3_peakseason_mean_d1_max_mean_h8gl;74.5;3;40;2.485152765446933e-5;BAFU & BFS
2023;O3_peakseason_mean_d1_max_mean_h8gl;75;11;51;3.16856977594484e-5;BAFU & BFS
2023;O3_peakseason_mean_d1_max_mean_h8gl;75.5;4;55;3.417085052489533e-5;BAFU & BFS
2023;O3_peakseason_mean_d1_max_mean_h8gl;76;116;171;1.0624028072285639e-4;BAFU & BFS
2023;O3_peakseason_mean_d1_max_mean_h8gl;76.5;3;174;1.0810414529694159e-4;BAFU & BFS
2023;O3_peakseason_mean_d1_max_mean_h8gl;77;3;177;1.0996800987102678e-4;BAFU & BFS
2023;O3_peakseason_mean_d1_max_mean_h8gl;77.5;85;262;1.627775061367741e-4;BAFU & BFS
2023;O3_peakseason_mean_d1_max_mean_h8gl;78;62;324;2.0129737400120158e-4;BAFU & BFS
2023;O3_peakseason_mean_d1_max_mean_h8gl;78.5;178;502;3.118866720635901e-4;BAFU & BFS
2023;O3_peakseason_mean_d1_max_mean_h8gl;79;127;629;3.907902723665302e-4;BAFU & BFS
2023;O3_peakseason_mean_d1_max_mean_h8gl;79.5;190;819;5.088350287252595e-4;BAFU & BFS
2023;O3_peakseason_mean_d1_max_mean_h8gl;80;521;1340;8.325261764247226e-4;BAFU & BFS
2023;O3_peakseason_mean_d1_max_mean_h8gl;80.5;296;1636;0.0010164274810677955;BAFU & BFS
2023;O3_peakseason_mean_d1_max_mean_h8gl;81;598;2234;0.001387957819502112;BAFU & BFS
2023;O3_peakseason_mean_d1_max_mean_h8gl;81.5;581;2815;0.001748926258683279;BAFU & BFS
2023;O3_peakseason_mean_d1_max_mean_h8gl;82;580;3395;0.0021092734096730846;BAFU & BFS
2023;O3_peakseason_mean_d1_max_mean_h8gl;82.5;936;4331;0.002690799156787667;BAFU & BFS
2023;O3_peakseason_mean_d1_max_mean_h8gl;83;724;5055;0.0031406118073335617;BAFU & BFS
2023;O3_peakseason_mean_d1_max_mean_h8gl;83.5;894;5949;0.003696043450410951;BAFU & BFS
2023;O3_peakseason_mean_d1_max_mean_h8gl;84;1490;7439;0.004621762855539934;BAFU & BFS
2023;O3_peakseason_mean_d1_max_mean_h8gl;84.5;1209;8648;0.005372900278896269;BAFU & BFS
2023;O3_peakseason_mean_d1_max_mean_h8gl;85;2693;11341;0.0070460293782334165;BAFU & BFS
2023;O3_peakseason_mean_d1_max_mean_h8gl;85.5;2411;13752;0.008543955207606556;BAFU & BFS
2023;O3_peakseason_mean_d1_max_mean_h8gl;86;3804;17556;0.010907335487546589;BAFU & BFS
2023;O3_peakseason_mean_d1_max_mean_h8gl;86.5;6594;24150;0.015004109821385858;BAFU & BFS
2023;O3_peakseason_mean_d1_max_mean_h8gl;87;6619;30769;0.01911641636000917;BAFU & BFS
2023;O3_peakseason_mean_d1_max_mean_h8gl;87.5;10170;40939;0.025434917266157996;BAFU & BFS
2023;O3_peakseason_mean_d1_max_mean_h8gl;88;20026;60965;0.03787683458636807;BAFU & BFS
2023;O3_peakseason_mean_d1_max_mean_h8gl;88.5;29200;90165;0.05601844977413068;BAFU & BFS
2023;O3_peakseason_mean_d1_max_mean_h8gl;89;40655;130820;0.08127692119394195;BAFU & BFS
2023;O3_peakseason_mean_d1_max_mean_h8gl;89.5;66835;197655;0.12280071746360338;BAFU & BFS
2023;O3_peakseason_mean_d1_max_mean_h8gl;90;66898;264553;0.16436365488932062;BAFU & BFS
2023;O3_peakseason_mean_d1_max_mean_h8gl;90.5;107047;371600;0.23087069191002008;BAFU & BFS
2023;O3_peakseason_mean_d1_max_mean_h8gl;91;140289;511889;0.31803059098796627;BAFU & BFS
2023;O3_peakseason_mean_d1_max_mean_h8gl;91.5;99926;611815;0.3801134347979788;BAFU & BFS
2023;O3_peakseason_mean_d1_max_mean_h8gl;92;183266;795081;0.49397443647607825;BAFU & BFS
2023;O3_peakseason_mean_d1_max_mean_h8gl;92.5;216934;1012015;0.6287529689809445;BAFU & BFS
2023;O3_peakseason_mean_d1_max_mean_h8gl;93;130242;1142257;0.7096707856002793;BAFU & BFS
2023;O3_peakseason_mean_d1_max_mean_h8gl;93.5;211552;1353809;0.8411055450592367;BAFU & BFS
2023;O3_peakseason_mean_d1_max_mean_h8gl;94;118308;1472117;0.9146089084028607;BAFU & BFS
2023;O3_peakseason_mean_d1_max_mean_h8gl;94.5;35277;1507394;0.9365260919295285;BAFU & BFS
2023;O3_peakseason_mean_d1_max_mean_h8gl;95;64619;1572013;0.9766731135671324;BAFU & BFS
2023;O3_peakseason_mean_d1_max_mean_h8gl;95.5;28864;1600877;0.9946059759225975;BAFU & BFS
2023;O3_peakseason_mean_d1_max_mean_h8gl;96;5745;1606622;0.9981752765819706;BAFU & BFS
2023;O3_peakseason_mean_d1_max_mean_h8gl;96.5;831;1607453;0.9986915670689922;BAFU & BFS
2023;O3_peakseason_mean_d1_max_mean_h8gl;97;1754;1609207;0.9997813065566407;BAFU & BFS
2023;O3_peakseason_mean_d1_max_mean_h8gl;97.5;310;1609517;0.9999739058959628;BAFU & BFS
2023;O3_peakseason_mean_d1_max_mean_h8gl;98;13;1609530;0.9999819826424505;BAFU & BFS
2023;O3_peakseason_mean_d1_max_mean_h8gl;98.5;29;1609559;1;BAFU & BFS
2023;PM10;6.3;6;6;3.727736096165651e-6;BAFU & BFS
2023;PM10;6.5;10;16;9.940629589775069e-6;BAFU & BFS
2023;PM10;6.699999999999999;17;33;2.050254852891108e-5;BAFU & BFS
2023;PM10;6.8999999999999995;56;89;5.529475209312382e-5;BAFU & BFS
2023;PM10;7.1;84;173;1.0748305743944293e-4;BAFU & BFS
2023;PM10;7.3;98;271;1.6836941367681522e-4;BAFU & BFS
2023;PM10;7.5;289;560;3.479220356421274e-4;BAFU & BFS
2023;PM10;7.699999999999999;295;855;5.312023937036052e-4;BAFU & BFS
2023;PM10;7.8999999999999995;464;1319;8.194806518070822e-4;BAFU & BFS
2023;PM10;8.1;768;2087;0.0012966308721162854;BAFU & BFS
2023;PM10;8.299999999999999;1222;3309;0.0020558464570353562;BAFU & BFS
2023;PM10;8.5;1305;4614;0.0028666290579513853;BAFU & BFS
2023;PM10;8.7;1700;6314;0.003922820951864987;BAFU & BFS
2023;PM10;8.9;2900;9214;0.005724560065011717;BAFU & BFS
2023;PM10;9.1;8187;17401;0.010811055968229748;BAFU & BFS
2023;PM10;9.299999999999999;10286;27687;0.017201638215756394;BAFU & BFS
2023;PM10;9.5;19106;46793;0.02907199252464655;BAFU & BFS
2023;PM10;9.7;26108;72901;0.045292614857762016;BAFU & BFS
2023;PM10;9.9;45426;118327;0.07351530484183216;BAFU & BFS
2023;PM10;10.1;66611;184938;0.11490000969211385;BAFU & BFS
2023;PM10;10.299999999999999;74028;258966;0.16089281764660565;BAFU & BFS
2023;PM10;10.5;89629;348595;0.2165783607404775;BAFU & BFS
2023;PM10;10.7;115443;464038;0.2883018670987527;BAFU & BFS
2023;PM10;10.9;133755;597793;0.3714024240225255;BAFU & BFS
2023;PM10;11.1;153915;751708;0.46702817422941484;BAFU & BFS
2023;PM10;11.299999999999999;147866;899574;0.5588957451620198;BAFU & BFS
2023;PM10;11.5;144821;1044395;0.6488714900258208;BAFU & BFS
2023;PM10;11.7;130652;1175047;0.7300441860985265;BAFU & BFS
2023;PM10;11.9;96936;1271983;0.7902694904681788;BAFU & BFS
2023;PM10;12.1;91990;1363973;0.8474218977158918;BAFU & BFS
2023;PM10;12.299999999999999;59880;1423853;0.884624703955625;BAFU & BFS
2023;PM10;12.5;49683;1473536;0.9154922226999247;BAFU & BFS
2023;PM10;12.7;44213;1517749;0.94296128870322;BAFU & BFS
2023;PM10;12.9;32304;1550053;0.9630314198449759;BAFU & BFS
2023;PM10;13.1;19822;1569875;0.9753466173280084;BAFU & BFS
2023;PM10;13.299999999999999;12704;1582579;0.9832394772222899;BAFU & BFS
2023;PM10;13.5;8265;1590844;0.9883744336947581;BAFU & BFS
2023;PM10;13.7;4968;1595812;0.9914609991823832;BAFU & BFS
2023;PM10;13.9;3285;1599097;0.9935019346950339;BAFU & BFS
2023;PM10;14.1;2738;1601835;0.9952030249335841;BAFU & BFS
2023;PM10;14.299999999999999;1798;1603633;0.9963201031837351;BAFU & BFS
2023;PM10;14.5;796;1604429;0.9968146495058264;BAFU & BFS
2023;PM10;14.7;1149;1605578;0.9975285109682421;BAFU & BFS
2023;PM10;14.9;582;1606160;0.9978901013695702;BAFU & BFS
2023;PM10;15.1;653;1606813;0.9982958033147029;BAFU & BFS
2023;PM10;15.299999999999999;626;1607439;0.9986847304474029;BAFU & BFS
2023;PM10;15.5;575;1608014;0.9990419718232855;BAFU & BFS
2023;PM10;15.7;612;1608626;0.9994222009050944;BAFU & BFS
2023;PM10;15.9;237;1608863;0.9995694464808929;BAFU & BFS
2023;PM10;16.1;225;1609088;0.9997092365844991;BAFU & BFS
2023;PM10;16.3;140;1609228;0.9997962170934096;BAFU & BFS
2023;PM10;16.5;111;1609339;0.9998651802111886;BAFU & BFS
2023;PM10;16.700000000000003;3;1609342;0.9998670440792368;BAFU & BFS
2023;PM10;16.900000000000002;6;1609348;0.9998707718153329;BAFU & BFS
2023;PM10;17.1;185;1609533;0.9999857103449648;BAFU & BFS
2023;PM10;17.3;4;1609537;0.9999881955023622;BAFU & BFS
2023;PM10;17.900000000000002;19;1609556;1;BAFU & BFS
2023;PM2.5;4.8999999999999995;3;3;1.8638680480828254e-6;BAFU & BFS
2023;PM2.5;5.1;14;17;1.056191893913601e-5;BAFU & BFS
2023;PM2.5;5.3;31;48;2.9821888769325207e-5;BAFU & BFS
2023;PM2.5;5.5;164;212;1.3171334206451966e-4;BAFU & BFS
2023;PM2.5;5.699999999999999;205;417;2.590776586835127e-4;BAFU & BFS
2023;PM2.5;5.8999999999999995;528;945;5.8711843514609e-4;BAFU & BFS
2023;PM2.5;6.1;1464;2409;0.0014966860426105088;BAFU & BFS
2023;PM2.5;6.3;2476;4885;0.0030349984716282006;BAFU & BFS
2023;PM2.5;6.5;13560;18445;0.01145968204896257;BAFU & BFS
2023;PM2.5;6.699999999999999;34765;53210;0.033058806279495714;BAFU & BFS
2023;PM2.5;6.8999999999999995;93768;146978;0.0913158659903725;BAFU & BFS
2023;PM2.5;7.1;197076;344054;0.21375708580502947;BAFU & BFS
2023;PM2.5;7.3;201013;545067;0.33864432178812043;BAFU & BFS
2023;PM2.5;7.5;312567;857634;0.532838869849822;BAFU & BFS
2023;PM2.5;7.699999999999999;238406;1096040;0.6809579784735666;BAFU & BFS
2023;PM2.5;7.8999999999999995;208645;1304685;0.8105868947709803;BAFU & BFS
2023;PM2.5;8.1;150840;1455525;0.9043021802285848;BAFU & BFS
2023;PM2.5;8.299999999999999;93131;1548656;0.9621634786239186;BAFU & BFS
2023;PM2.5;8.5;37307;1585963;0.9853419203805273;BAFU & BFS
2023;PM2.5;8.7;11382;1597345;0.9924134357549536;BAFU & BFS
2023;PM2.5;8.9;5015;1602360;0.9955292018419987;BAFU & BFS
2023;PM2.5;9.1;2223;1604583;0.9969103280656281;BAFU & BFS
2023;PM2.5;9.299999999999999;1954;1606537;0.9981243274542794;BAFU & BFS
2023;PM2.5;9.5;1035;1607572;0.9987673619308679;BAFU & BFS
2023;PM2.5;9.7;797;1608369;0.9992625295423085;BAFU & BFS
2023;PM2.5;9.9;747;1609116;0.9997266326862811;BAFU & BFS
2023;PM2.5;10.1;233;1609349;0.9998713931046823;BAFU & BFS
2023;PM2.5;10.299999999999999;184;1609533;0.9999857103449648;BAFU & BFS
2023;PM2.5;10.5;4;1609537;0.9999881955023622;BAFU & BFS
2023;PM2.5;10.7;19;1609556;1;BAFU & BFS
