empfindl. Ökosystem;Überschreitung Critical Load;Anteil an Ökosystem-Gesamtfläche
Wald;-0.8881645;0.00213219616204691
Trockenwiesen/-weiden;0.324399;0.0126582278481013
Trockenwiesen/-weiden;0.36613655;0.0253164556962025
Wald;0.5597744;0.00426439232409382
Wald;0.8342943;0.00639658848614072
Wald;0.9615774;0.00852878464818763
Flachmoore;1.0609798;0.000738552437223043
Trockenwiesen/-weiden;1.0903225;0.0379746835443038
Trockenwiesen/-weiden;1.0910587;0.0506329113924051
Flachmoore;1.1165352;0.00147710487444609
Wald;1.1228218;0.0106609808102345
Wald;1.1383152;0.0127931769722814
Trockenwiesen/-weiden;1.1447144;0.0632911392405063
Flachmoore;1.2196598;0.00221565731166913
Wald;1.2267933;0.0149253731343284
Trockenwiesen/-weiden;1.234623;0.0759493670886076
Flachmoore;1.267376;0.00295420974889217
Wald;1.2935743;0.0170575692963753
Trockenwiesen/-weiden;1.3620529;0.0886075949367089
Flachmoore;1.4539948;0.00369276218611521
Flachmoore;1.480978;0.00443131462333826
Wald;1.5060062;0.0191897654584222
Wald;1.5284462;0.0213219616204691
Trockenwiesen/-weiden;1.5340672;0.10126582278481
Trockenwiesen/-weiden;1.5635452;0.113924050632911
Wald;1.5790358;0.023454157782516
Flachmoore;1.613512;0.0051698670605613
Flachmoore;1.6185303;0.00590841949778434
Trockenwiesen/-weiden;1.6258106;0.126582278481013
Flachmoore;1.644125;0.00664697193500739
Flachmoore;1.6638451;0.00738552437223043
Trockenwiesen/-weiden;1.6672211;0.139240506329114
Trockenwiesen/-weiden;1.8175926;0.151898734177215
Flachmoore;1.8259392;0.00812407680945347
Flachmoore;1.9324055;0.00886262924667651
Flachmoore;1.9522896;0.00960118168389956
Wald;1.9799232;0.0255863539445629
Wald;2.0041637;0.0277185501066098
Flachmoore;2.040245;0.0103397341211226
Flachmoore;2.0573368;0.0110782865583456
Flachmoore;2.0915565;0.0118168389955687
Flachmoore;2.0937157;0.0125553914327917
Flachmoore;2.120037;0.0132939438700148
Flachmoore;2.1954308;0.0140324963072378
Flachmoore;2.1967964;0.0147710487444609
Flachmoore;2.2138882;0.0155096011816839
Flachmoore;2.2182693;0.0162481536189069
Wald;2.2230406;0.0298507462686567
Flachmoore;2.2234154;0.01698670605613
Wald;2.2239227;0.0319829424307036
Flachmoore;2.230074;0.017725258493353
Flachmoore;2.2383633;0.0184638109305761
Flachmoore;2.2471218;0.0192023633677991
Flachmoore;2.2993355;0.0199409158050222
Wald;2.316082;0.0341151385927505
Wald;2.321516;0.0362473347547974
Flachmoore;2.3318596;0.0206794682422452
Wald;2.3329039;0.0383795309168444
Wald;2.3432198;0.0405117270788913
Flachmoore;2.3696728;0.0214180206794682
Wald;2.3946972;0.0426439232409382
Wald;2.401825;0.0447761194029851
Flachmoore;2.4698887;0.0221565731166913
Wald;2.4719944;0.046908315565032
Wald;2.5092173;0.0490405117270789
Wald;2.5109348;0.0511727078891258
Trockenwiesen/-weiden;2.5354881;0.164556962025316
Wald;2.563322;0.0533049040511727
Wald;2.5893335;0.0554371002132196
Trockenwiesen/-weiden;2.5902119;0.177215189873418
Wald;2.6050968;0.0575692963752665
Trockenwiesen/-weiden;2.624796;0.189873417721519
Flachmoore;2.6505566;0.0228951255539143
Wald;2.6696262;0.0597014925373134
Wald;2.6766376;0.0618336886993603
Flachmoore;2.6789322;0.0236336779911374
Wald;2.6884632;0.0639658848614073
Wald;2.6889038;0.0660980810234542
Trockenwiesen/-weiden;2.72184;0.20253164556962
Trockenwiesen/-weiden;2.7347307;0.215189873417722
Wald;2.7610455;0.0682302771855011
Wald;2.7865639;0.070362473347548
Flachmoore;2.7960625;0.0243722304283604
Flachmoore;2.7969265;0.0251107828655835
Wald;2.8142319;0.0724946695095949
Wald;2.8266888;0.0746268656716418
Flachmoore;2.847784;0.0258493353028065
Flachmoore;2.9041004;0.0265878877400295
Flachmoore;2.995697;0.0273264401772526
Wald;2.9984446;0.0767590618336887
Flachmoore;3.0243645;0.0280649926144756
Flachmoore;3.0407734;0.0288035450516987
Wald;3.041603;0.0788912579957356
Wald;3.0472212;0.0810234541577825
Flachmoore;3.067913;0.0295420974889217
Wald;3.0743618;0.0831556503198294
Wald;3.0907898;0.0852878464818763
Wald;3.1019526;0.0874200426439232
Flachmoore;3.1203976;0.0302806499261448
Flachmoore;3.1455498;0.0310192023633678
Flachmoore;3.1503544;0.0317577548005908
Flachmoore;3.1527672;0.0324963072378139
Trockenwiesen/-weiden;3.1556797;0.227848101265823
Flachmoore;3.185564;0.0332348596750369
Wald;3.1909714;0.0895522388059701
Wald;3.2148151;0.0916844349680171
Flachmoore;3.3161144;0.03397341211226
Flachmoore;3.3467941;0.034711964549483
Wald;3.364501;0.093816631130064
Trockenwiesen/-weiden;3.3736115;0.240506329113924
Trockenwiesen/-weiden;3.3839035;0.253164556962025
Wald;3.3930435;0.0959488272921109
Flachmoore;3.4014244;0.0354505169867061
Wald;3.403633;0.0980810234541578
Flachmoore;3.4072266;0.0361890694239291
Wald;3.4302998;0.100213219616205
Wald;3.439783;0.102345415778252
Flachmoore;3.443756;0.0369276218611521
Trockenwiesen/-weiden;3.4448366;0.265822784810127
Flachmoore;3.4844284;0.0376661742983752
Wald;3.499879;0.104477611940299
Flachmoore;3.5524292;0.0384047267355982
Wald;3.5654526;0.106609808102345
Wald;3.6293755;0.108742004264392
Flachmoore;3.632557;0.0391432791728213
Wald;3.6610718;0.110874200426439
Trockenwiesen/-weiden;3.6704903;0.278481012658228
Wald;3.6743565;0.113006396588486
Flachmoore;3.6934052;0.0398818316100443
Trockenwiesen/-weiden;3.694662;0.291139240506329
Trockenwiesen/-weiden;3.7152443;0.30379746835443
Wald;3.723878;0.115138592750533
Wald;3.7524147;0.11727078891258
Wald;3.7550793;0.119402985074627
Flachmoore;3.7621078;0.0406203840472674
Flachmoore;3.7950478;0.0413589364844904
Wald;3.807662;0.121535181236674
Flachmoore;3.813219;0.0420974889217134
Wald;3.813898;0.123667377398721
Wald;3.8992958;0.125799573560768
Flachmoore;3.9598064;0.0428360413589365
Trockenwiesen/-weiden;3.9811897;0.316455696202532
Wald;4.0194283;0.127931769722815
Flachmoore;4.0206375;0.0435745937961595
Wald;4.0487213;0.130063965884861
Flachmoore;4.055044;0.0443131462333826
Wald;4.0815983;0.132196162046908
Wald;4.090275;0.134328358208955
Wald;4.101486;0.136460554371002
Wald;4.1281157;0.138592750533049
Trockenwiesen/-weiden;4.1301975;0.329113924050633
Flachmoore;4.131977;0.0450516986706056
Wald;4.135494;0.140724946695096
Wald;4.1854706;0.142857142857143
Wald;4.2514286;0.14498933901919
Wald;4.2547817;0.147121535181237
Wald;4.267042;0.149253731343284
Flachmoore;4.2686005;0.0457902511078287
Wald;4.3744297;0.151385927505331
Trockenwiesen/-weiden;4.3854656;0.341772151898734
Wald;4.3892365;0.153518123667377
Flachmoore;4.4384327;0.0465288035450517
Wald;4.47775;0.155650319829424
Wald;4.5032215;0.157782515991471
Wald;4.5059824;0.159914712153518
Wald;4.5256824;0.162046908315565
Wald;4.576028;0.164179104477612
Trockenwiesen/-weiden;4.6004505;0.354430379746835
Trockenwiesen/-weiden;4.60775;0.367088607594937
Flachmoore;4.6673336;0.0472673559822747
Wald;4.682575;0.166311300639659
Flachmoore;4.720497;0.0480059084194978
Flachmoore;4.772896;0.0487444608567208
Wald;4.7776127;0.168443496801706
Wald;4.7790365;0.170575692963753
Flachmoore;4.791197;0.0494830132939439
Flachmoore;4.8055305;0.0502215657311669
Wald;4.8280525;0.1727078891258
Trockenwiesen/-weiden;4.854479;0.379746835443038
Trockenwiesen/-weiden;4.856613;0.392405063291139
Wald;4.86199;0.174840085287846
Wald;4.8804607;0.176972281449893
Flachmoore;4.8849087;0.05096011816839
Trockenwiesen/-weiden;4.9003334;0.40506329113924
Trockenwiesen/-weiden;4.924885;0.417721518987342
Trockenwiesen/-weiden;4.9423943;0.430379746835443
Flachmoore;4.950716;0.051698670605613
Flachmoore;4.983553;0.052437223042836
Flachmoore;5.0252075;0.0531757754800591
Wald;5.026162;0.17910447761194
Wald;5.03743;0.181236673773987
Trockenwiesen/-weiden;5.050432;0.443037974683544
Wald;5.0600796;0.183368869936034
Flachmoore;5.063526;0.0539143279172821
Flachmoore;5.0825977;0.0546528803545052
Flachmoore;5.0830154;0.0553914327917282
Wald;5.098254;0.185501066098081
Wald;5.1192436;0.187633262260128
Wald;5.1290245;0.189765458422175
Flachmoore;5.151327;0.0561299852289513
Flachmoore;5.1611576;0.0568685376661743
Wald;5.1800747;0.191897654584222
Wald;5.1822405;0.194029850746269
Wald;5.194298;0.196162046908316
Flachmoore;5.196432;0.0576070901033973
Wald;5.201622;0.198294243070362
Wald;5.206526;0.200426439232409
Wald;5.2228394;0.202558635394456
Trockenwiesen/-weiden;5.226364;0.455696202531646
Wald;5.228979;0.204690831556503
Trockenwiesen/-weiden;5.234413;0.468354430379747
Wald;5.234661;0.20682302771855
Wald;5.2819366;0.208955223880597
Wald;5.286742;0.211087420042644
Wald;5.2904434;0.213219616204691
Wald;5.2953644;0.215351812366738
Flachmoore;5.29615;0.0583456425406204
Flachmoore;5.3082333;0.0590841949778434
Flachmoore;5.3168335;0.0598227474150665
Wald;5.3286343;0.217484008528785
Trockenwiesen/-weiden;5.346176;0.481012658227848
Wald;5.353614;0.219616204690832
Wald;5.365059;0.221748400852878
Wald;5.370635;0.223880597014925
Trockenwiesen/-weiden;5.3870544;0.493670886075949
Wald;5.4098644;0.226012793176972
Flachmoore;5.414072;0.0605612998522895
Wald;5.4261074;0.228144989339019
Wald;5.4420004;0.230277185501066
Wald;5.4463234;0.232409381663113
Wald;5.448372;0.23454157782516
Trockenwiesen/-weiden;5.493454;0.506329113924051
Wald;5.4992886;0.236673773987207
Wald;5.554082;0.238805970149254
Flachmoore;5.5650043;0.0612998522895126
Wald;5.5719967;0.240938166311301
Wald;5.587634;0.243070362473348
Wald;5.596981;0.245202558635394
Trockenwiesen/-weiden;5.611452;0.518987341772152
Wald;5.611637;0.247334754797441
Wald;5.6659946;0.249466950959488
Flachmoore;5.695486;0.0620384047267356
Flachmoore;5.698168;0.0627769571639586
Wald;5.727236;0.251599147121535
Flachmoore;5.728916;0.0635155096011817
Wald;5.748564;0.253731343283582
Wald;5.748869;0.255863539445629
Wald;5.777361;0.257995735607676
Flachmoore;5.779934;0.0642540620384047
Trockenwiesen/-weiden;5.796179;0.531645569620253
Wald;5.851534;0.260127931769723
Flachmoore;5.8516674;0.0649926144756278
Wald;5.860009;0.26226012793177
Wald;5.899309;0.264392324093817
Flachmoore;5.948805;0.0657311669128508
Wald;5.977413;0.266524520255864
Wald;5.9800262;0.26865671641791
Wald;5.9908934;0.270788912579957
Trockenwiesen/-weiden;5.993862;0.544303797468354
Wald;6.0643654;0.272921108742004
Flachmoore;6.074478;0.0664697193500739
Flachmoore;6.0745583;0.0672082717872969
Wald;6.0871325;0.275053304904051
Flachmoore;6.094269;0.0679468242245199
Wald;6.129678;0.277185501066098
Wald;6.1499004;0.279317697228145
Trockenwiesen/-weiden;6.1778603;0.556962025316456
Trockenwiesen/-weiden;6.178196;0.569620253164557
Wald;6.1793976;0.281449893390192
Wald;6.1816874;0.283582089552239
Wald;6.18861;0.285714285714286
Flachmoore;6.1914406;0.068685376661743
Wald;6.2103806;0.287846481876333
Wald;6.2382717;0.28997867803838
Wald;6.2393265;0.292110874200426
Wald;6.2628994;0.294243070362473
Flachmoore;6.2631207;0.069423929098966
Wald;6.266464;0.29637526652452
Flachmoore;6.268938;0.0701624815361891
Wald;6.2874336;0.298507462686567
Wald;6.3211784;0.300639658848614
Flachmoore;6.340637;0.0709010339734121
Flachmoore;6.36248;0.0716395864106352
Wald;6.3639383;0.302771855010661
Flachmoore;6.3789635;0.0723781388478582
Flachmoore;6.3971043;0.0731166912850812
Wald;6.4179;0.304904051172708
Wald;6.450138;0.307036247334755
Flachmoore;6.451048;0.0738552437223043
Flachmoore;6.4524555;0.0745937961595273
Wald;6.4735794;0.309168443496802
Flachmoore;6.4783344;0.0753323485967504
Flachmoore;6.4791775;0.0760709010339734
Wald;6.4835844;0.311300639658849
Wald;6.4862537;0.313432835820896
Flachmoore;6.493042;0.0768094534711965
Flachmoore;6.4956913;0.0775480059084195
Wald;6.51458;0.315565031982942
Trockenwiesen/-weiden;6.5281963;0.582278481012658
Flachmoore;6.5513973;0.0782865583456425
Flachmoore;6.5543957;0.0790251107828656
Flachmoore;6.5557213;0.0797636632200886
Flachmoore;6.555788;0.0805022156573117
Flachmoore;6.5576534;0.0812407680945347
Wald;6.5665455;0.317697228144989
Wald;6.580386;0.319829424307036
Flachmoore;6.58737;0.0819793205317578
Flachmoore;6.5915985;0.0827178729689808
Flachmoore;6.592985;0.0834564254062038
Wald;6.5977173;0.321961620469083
Wald;6.6208296;0.32409381663113
Flachmoore;6.6346188;0.0841949778434269
Trockenwiesen/-weiden;6.649662;0.594936708860759
Wald;6.6507683;0.326226012793177
Wald;6.6524315;0.328358208955224
Trockenwiesen/-weiden;6.652519;0.607594936708861
Flachmoore;6.6546803;0.0849335302806499
Wald;6.659132;0.330490405117271
Wald;6.663702;0.332622601279318
Flachmoore;6.6682396;0.085672082717873
Wald;6.6714725;0.334754797441365
Flachmoore;6.684946;0.086410635155096
Wald;6.700981;0.336886993603412
Wald;6.706609;0.339019189765458
Flachmoore;6.71603;0.0871491875923191
Flachmoore;6.753639;0.0878877400295421
Flachmoore;6.7707233;0.0886262924667651
Trockenwiesen/-weiden;6.7815685;0.620253164556962
Flachmoore;6.784889;0.0893648449039882
Flachmoore;6.786228;0.0901033973412112
Flachmoore;6.7970524;0.0908419497784343
Flachmoore;6.7971897;0.0915805022156573
Flachmoore;6.8036213;0.0923190546528804
Wald;6.811225;0.341151385927505
Flachmoore;6.8263874;0.0930576070901034
Trockenwiesen/-weiden;6.832512;0.632911392405063
Flachmoore;6.839077;0.0937961595273264
Flachmoore;6.8684616;0.0945347119645495
Flachmoore;6.8756733;0.0952732644017725
Flachmoore;6.8763924;0.0960118168389956
Trockenwiesen/-weiden;6.9134674;0.645569620253165
Wald;6.9274216;0.343283582089552
Trockenwiesen/-weiden;6.939165;0.658227848101266
Flachmoore;6.9480057;0.0967503692762186
Trockenwiesen/-weiden;6.952141;0.670886075949367
Wald;6.963826;0.345415778251599
Flachmoore;6.96669;0.0974889217134417
Flachmoore;6.9698944;0.0982274741506647
Flachmoore;6.9790993;0.0989660265878877
Flachmoore;6.980341;0.0997045790251108
Flachmoore;6.997772;0.100443131462334
Flachmoore;6.999876;0.101181683899557
Flachmoore;7.0052013;0.10192023633678
Flachmoore;7.0137444;0.102658788774003
Trockenwiesen/-weiden;7.017086;0.683544303797468
Flachmoore;7.029909;0.103397341211226
Flachmoore;7.030998;0.104135893648449
Flachmoore;7.0333633;0.104874446085672
Flachmoore;7.0441093;0.105612998522895
Flachmoore;7.0546913;0.106351550960118
Wald;7.065954;0.347547974413646
Flachmoore;7.0685654;0.107090103397341
Wald;7.0707426;0.349680170575693
Flachmoore;7.076288;0.107828655834564
Flachmoore;7.079096;0.108567208271787
Wald;7.08626;0.35181236673774
Flachmoore;7.0947685;0.10930576070901
Flachmoore;7.101448;0.110044313146233
Flachmoore;7.112686;0.110782865583456
Trockenwiesen/-weiden;7.114168;0.69620253164557
Wald;7.1144905;0.353944562899787
Flachmoore;7.1252365;0.111521418020679
Flachmoore;7.1420803;0.112259970457903
Wald;7.1423016;0.356076759061834
Flachmoore;7.1520977;0.112998522895126
Flachmoore;7.1633015;0.113737075332349
Flachmoore;7.167288;0.114475627769572
Flachmoore;7.1909714;0.115214180206795
Trockenwiesen/-weiden;7.2202206;0.708860759493671
Flachmoore;7.230541;0.115952732644018
Flachmoore;7.2418194;0.116691285081241
Flachmoore;7.244255;0.117429837518464
Wald;7.247575;0.358208955223881
Flachmoore;7.2479534;0.118168389955687
Flachmoore;7.2676373;0.11890694239291
Flachmoore;7.2739887;0.119645494830133
Flachmoore;7.277117;0.120384047267356
Flachmoore;7.280258;0.121122599704579
Flachmoore;7.2954025;0.121861152141802
Flachmoore;7.2963276;0.122599704579025
Flachmoore;7.3090343;0.123338257016248
Flachmoore;7.3227444;0.124076809453471
Flachmoore;7.3255253;0.124815361890694
Flachmoore;7.3531055;0.125553914327917
Flachmoore;7.3651505;0.12629246676514
Flachmoore;7.3683453;0.127031019202363
Flachmoore;7.383419;0.127769571639586
Flachmoore;7.3881226;0.128508124076809
Flachmoore;7.4088;0.129246676514032
Flachmoore;7.40888;0.129985228951256
Flachmoore;7.4178467;0.130723781388479
Flachmoore;7.418297;0.131462333825702
Flachmoore;7.43021;0.132200886262925
Flachmoore;7.434763;0.132939438700148
Flachmoore;7.437174;0.133677991137371
Wald;7.455188;0.360341151385927
Flachmoore;7.4561768;0.134416543574594
Trockenwiesen/-weiden;7.475935;0.721518987341772
Flachmoore;7.484745;0.135155096011817
Flachmoore;7.4877625;0.13589364844904
Flachmoore;7.4935417;0.136632200886263
Wald;7.504278;0.362473347547974
Flachmoore;7.5049934;0.137370753323486
Flachmoore;7.5116253;0.138109305760709
Flachmoore;7.5190773;0.138847858197932
Flachmoore;7.523325;0.139586410635155
Flachmoore;7.5285435;0.140324963072378
Flachmoore;7.534502;0.141063515509601
Flachmoore;7.5422897;0.141802067946824
Flachmoore;7.544035;0.142540620384047
Wald;7.549185;0.364605543710021
Wald;7.5496597;0.366737739872068
Flachmoore;7.55221;0.14327917282127
Trockenwiesen/-weiden;7.554497;0.734177215189873
Flachmoore;7.5580864;0.144017725258493
Flachmoore;7.5588036;0.144756277695716
Wald;7.5609093;0.368869936034115
Wald;7.5747223;0.371002132196162
Flachmoore;7.5771065;0.145494830132939
Flachmoore;7.58119;0.146233382570162
Wald;7.5931835;0.373134328358209
Flachmoore;7.6061764;0.146971935007386
Trockenwiesen/-weiden;7.60795;0.746835443037975
Flachmoore;7.621954;0.147710487444609
Flachmoore;7.6258354;0.148449039881832
Flachmoore;7.6271095;0.149187592319055
Flachmoore;7.6531525;0.149926144756278
Wald;7.6542664;0.375266524520256
Flachmoore;7.6543007;0.150664697193501
Flachmoore;7.659277;0.151403249630724
Wald;7.683384;0.377398720682303
Wald;7.6889973;0.37953091684435
Wald;7.6918783;0.381663113006397
Wald;7.6919537;0.383795309168444
Flachmoore;7.7219715;0.152141802067947
Flachmoore;7.72278;0.15288035450517
Flachmoore;7.7316494;0.153618906942393
Wald;7.736416;0.38592750533049
Flachmoore;7.74139;0.154357459379616
Wald;7.808751;0.388059701492537
Flachmoore;7.8180714;0.155096011816839
Wald;7.8199396;0.390191897654584
Wald;7.8274136;0.392324093816631
Flachmoore;7.83519;0.155834564254062
Flachmoore;7.8358536;0.156573116691285
Wald;7.856222;0.394456289978678
Flachmoore;7.8629894;0.157311669128508
Flachmoore;7.8636036;0.158050221565731
Trockenwiesen/-weiden;7.88295;0.759493670886076
Trockenwiesen/-weiden;7.8889008;0.772151898734177
Wald;7.889676;0.396588486140725
Flachmoore;7.9079914;0.158788774002954
Wald;7.9216137;0.398720682302772
Flachmoore;7.927946;0.159527326440177
Wald;7.9281836;0.400852878464819
Wald;7.9466095;0.402985074626866
Wald;7.9695673;0.405117270788913
Flachmoore;8.003775;0.1602658788774
Flachmoore;8.004982;0.161004431314623
Trockenwiesen/-weiden;8.013039;0.784810126582278
Wald;8.021535;0.407249466950959
Flachmoore;8.022488;0.161742983751846
Flachmoore;8.055361;0.162481536189069
Wald;8.0678005;0.409381663113006
Flachmoore;8.070236;0.163220088626292
Wald;8.077049;0.411513859275053
Flachmoore;8.081947;0.163958641063516
Flachmoore;8.119869;0.164697193500739
Flachmoore;8.128084;0.165435745937962
Flachmoore;8.14188;0.166174298375185
Flachmoore;8.14414;0.166912850812408
Wald;8.14827;0.4136460554371
Flachmoore;8.148748;0.167651403249631
Flachmoore;8.196905;0.168389955686854
Flachmoore;8.2150345;0.169128508124077
Wald;8.217518;0.415778251599147
Wald;8.234626;0.417910447761194
Flachmoore;8.241774;0.1698670605613
Flachmoore;8.25613;0.170605612998523
Flachmoore;8.286774;0.171344165435746
Flachmoore;8.287418;0.172082717872969
Wald;8.2884035;0.420042643923241
Flachmoore;8.291256;0.172821270310192
Flachmoore;8.294624;0.173559822747415
Flachmoore;8.303183;0.174298375184638
Wald;8.307651;0.422174840085288
Flachmoore;8.347717;0.175036927621861
Flachmoore;8.349604;0.175775480059084
Flachmoore;8.358601;0.176514032496307
Trockenwiesen/-weiden;8.38439;0.79746835443038
Flachmoore;8.393009;0.17725258493353
Wald;8.41271;0.424307036247335
Flachmoore;8.432531;0.177991137370753
Wald;8.45982;0.426439232409382
Wald;8.4606;0.428571428571429
Wald;8.476625;0.430703624733475
Flachmoore;8.479927;0.178729689807976
Wald;8.501183;0.432835820895522
Flachmoore;8.52582;0.179468242245199
Flachmoore;8.541109;0.180206794682422
Flachmoore;8.551903;0.180945347119645
Flachmoore;8.5568695;0.181683899556869
Wald;8.570464;0.434968017057569
Flachmoore;8.575552;0.182422451994092
Flachmoore;8.585033;0.183161004431315
Wald;8.612089;0.437100213219616
Flachmoore;8.6227455;0.183899556868538
Trockenwiesen/-weiden;8.640722;0.810126582278481
Flachmoore;8.648743;0.184638109305761
Wald;8.651412;0.439232409381663
Wald;8.661659;0.44136460554371
Flachmoore;8.671085;0.185376661742984
Wald;8.676989;0.443496801705757
Wald;8.691878;0.445628997867804
Trockenwiesen/-weiden;8.693218;0.822784810126582
Flachmoore;8.703934;0.186115214180207
Wald;8.73718;0.447761194029851
Flachmoore;8.73896;0.18685376661743
Wald;8.762419;0.449893390191898
Wald;8.768232;0.452025586353945
Flachmoore;8.7705765;0.187592319054653
Wald;8.804262;0.454157782515991
Trockenwiesen/-weiden;8.81278;0.835443037974684
Trockenwiesen/-weiden;8.823267;0.848101265822785
Wald;8.851058;0.456289978678038
Wald;8.85235;0.458422174840085
Trockenwiesen/-weiden;8.853613;0.860759493670886
Flachmoore;8.858761;0.188330871491876
Wald;8.881296;0.460554371002132
Flachmoore;8.892658;0.189069423929099
Flachmoore;8.8983555;0.189807976366322
Trockenwiesen/-weiden;8.903585;0.873417721518987
Flachmoore;8.909929;0.190546528803545
Flachmoore;8.9324665;0.191285081240768
Flachmoore;8.956604;0.192023633677991
Flachmoore;8.960463;0.192762186115214
Flachmoore;8.975544;0.193500738552437
Wald;8.989033;0.462686567164179
Wald;8.997824;0.464818763326226
Flachmoore;9.047157;0.19423929098966
Wald;9.07579;0.466950959488273
Wald;9.079893;0.46908315565032
Flachmoore;9.146236;0.194977843426883
Flachmoore;9.157108;0.195716395864106
Wald;9.183926;0.471215351812367
Flachmoore;9.187984;0.196454948301329
Wald;9.189413;0.473347547974414
Wald;9.217188;0.475479744136461
Flachmoore;9.2458515;0.197193500738552
Flachmoore;9.276913;0.197932053175775
Flachmoore;9.290159;0.198670605612999
Flachmoore;9.324083;0.199409158050222
Wald;9.325051;0.477611940298507
Wald;9.338924;0.479744136460554
Flachmoore;9.35144;0.200147710487445
Flachmoore;9.410929;0.200886262924668
Wald;9.423541;0.481876332622601
Wald;9.43543;0.484008528784648
Flachmoore;9.435478;0.201624815361891
Flachmoore;9.44212;0.202363367799114
Flachmoore;9.480585;0.203101920236337
Wald;9.493922;0.486140724946695
Flachmoore;9.502218;0.20384047267356
Flachmoore;9.509363;0.204579025110783
Wald;9.51079;0.488272921108742
Flachmoore;9.5124035;0.205317577548006
Wald;9.513705;0.490405117270789
Flachmoore;9.532446;0.206056129985229
Wald;9.563142;0.492537313432836
Flachmoore;9.566307;0.206794682422452
Trockenwiesen/-weiden;9.602495;0.886075949367089
Wald;9.603205;0.494669509594883
Wald;9.605123;0.49680170575693
Flachmoore;9.612017;0.207533234859675
Flachmoore;9.649639;0.208271787296898
Wald;9.653793;0.498933901918977
Flachmoore;9.65407;0.209010339734121
Wald;9.656747;0.501066098081023
Wald;9.677128;0.50319829424307
Flachmoore;9.696869;0.209748892171344
Flachmoore;9.704763;0.210487444608567
Wald;9.715526;0.505330490405117
Flachmoore;9.718872;0.21122599704579
Wald;9.726069;0.507462686567164
Wald;9.729743;0.509594882729211
Flachmoore;9.730444;0.211964549483013
Flachmoore;9.757051;0.212703101920236
Flachmoore;9.757776;0.213441654357459
Wald;9.761665;0.511727078891258
Wald;9.764484;0.513859275053305
Wald;9.771524;0.515991471215352
Flachmoore;9.777119;0.214180206794682
Flachmoore;9.780268;0.214918759231905
Flachmoore;9.785988;0.215657311669129
Wald;9.801132;0.518123667377399
Trockenwiesen/-weiden;9.80788;0.89873417721519
Flachmoore;9.827656;0.216395864106352
Flachmoore;9.830889;0.217134416543575
Wald;9.834625;0.520255863539446
Wald;9.846689;0.522388059701492
Flachmoore;9.847954;0.217872968980798
Wald;9.865244;0.524520255863539
Flachmoore;9.876051;0.218611521418021
Wald;9.894;0.526652452025586
Wald;9.904146;0.528784648187633
Wald;9.918579;0.53091684434968
Flachmoore;9.950003;0.219350073855244
Wald;9.958043;0.533049040511727
Wald;9.992765;0.535181236673774
Wald;9.995487;0.537313432835821
Flachmoore;10.00108;0.220088626292467
Flachmoore;10.01103;0.22082717872969
Wald;10.025734;0.539445628997868
Flachmoore;10.031109;0.221565731166913
Wald;10.0389595;0.541577825159915
Flachmoore;10.042294;0.222304283604136
Wald;10.046386;0.543710021321962
Wald;10.0526905;0.545842217484009
Wald;10.063825;0.547974413646055
Flachmoore;10.067585;0.223042836041359
Flachmoore;10.081778;0.223781388478582
Flachmoore;10.098635;0.224519940915805
Flachmoore;10.109421;0.225258493353028
Flachmoore;10.149914;0.225997045790251
Flachmoore;10.156807;0.226735598227474
Flachmoore;10.164019;0.227474150664697
Wald;10.181795;0.550106609808102
Wald;10.185544;0.552238805970149
Trockenwiesen/-weiden;10.227215;0.911392405063291
Flachmoore;10.243387;0.22821270310192
Flachmoore;10.244169;0.228951255539143
Flachmoore;10.249216;0.229689807976366
Flachmoore;10.255095;0.230428360413589
Flachmoore;10.256294;0.231166912850812
Flachmoore;10.257656;0.231905465288035
Flachmoore;10.258753;0.232644017725259
Flachmoore;10.260801;0.233382570162482
Wald;10.261671;0.554371002132196
Flachmoore;10.265917;0.234121122599705
Flachmoore;10.280975;0.234859675036928
Wald;10.301038;0.556503198294243
Flachmoore;10.323832;0.235598227474151
Trockenwiesen/-weiden;10.326866;0.924050632911392
Flachmoore;10.331799;0.236336779911374
Flachmoore;10.332146;0.237075332348597
Flachmoore;10.335758;0.23781388478582
Wald;10.340477;0.55863539445629
Flachmoore;10.361567;0.238552437223043
Flachmoore;10.364067;0.239290989660266
Flachmoore;10.3722725;0.240029542097489
Wald;10.378914;0.560767590618337
Wald;10.388382;0.562899786780384
Flachmoore;10.391949;0.240768094534712
Wald;10.394579;0.565031982942431
Flachmoore;10.395475;0.241506646971935
Wald;10.413302;0.567164179104478
Flachmoore;10.429756;0.242245199409158
Wald;10.433573;0.569296375266525
Flachmoore;10.454014;0.242983751846381
Flachmoore;10.460932;0.243722304283604
Wald;10.465307;0.571428571428571
Flachmoore;10.505081;0.244460856720827
Wald;10.517835;0.573560767590618
Flachmoore;10.522932;0.24519940915805
Flachmoore;10.523516;0.245937961595273
Flachmoore;10.52816;0.246676514032496
Flachmoore;10.529793;0.247415066469719
Wald;10.546251;0.575692963752665
Trockenwiesen/-weiden;10.549465;0.936708860759494
Flachmoore;10.558359;0.248153618906942
Flachmoore;10.568615;0.248892171344165
Flachmoore;10.574675;0.249630723781388
Flachmoore;10.585571;0.250369276218612
Flachmoore;10.599375;0.251107828655835
Flachmoore;10.605141;0.251846381093058
Wald;10.612923;0.577825159914712
Flachmoore;10.624207;0.252584933530281
Flachmoore;10.637226;0.253323485967504
Flachmoore;10.653936;0.254062038404727
Flachmoore;10.66535;0.25480059084195
Flachmoore;10.678268;0.255539143279173
Flachmoore;10.681915;0.256277695716396
Flachmoore;10.701906;0.257016248153619
Flachmoore;10.702454;0.257754800590842
Flachmoore;10.706535;0.258493353028065
Wald;10.709872;0.579957356076759
Flachmoore;10.715864;0.259231905465288
Wald;10.727884;0.582089552238806
Flachmoore;10.730917;0.259970457902511
Flachmoore;10.732595;0.260709010339734
Wald;10.748528;0.584221748400853
Flachmoore;10.767767;0.261447562776957
Flachmoore;10.769142;0.26218611521418
Flachmoore;10.769613;0.262924667651403
Flachmoore;10.772081;0.263663220088626
Flachmoore;10.776276;0.264401772525849
Flachmoore;10.793617;0.265140324963072
Flachmoore;10.819542;0.265878877400295
Wald;10.83053;0.5863539445629
Flachmoore;10.8322525;0.266617429837518
Flachmoore;10.838472;0.267355982274741
Flachmoore;10.838493;0.268094534711965
Flachmoore;10.840694;0.268833087149188
Flachmoore;10.841099;0.269571639586411
Flachmoore;10.847742;0.270310192023634
Flachmoore;10.849594;0.271048744460857
Flachmoore;10.849926;0.27178729689808
Flachmoore;10.854633;0.272525849335303
Flachmoore;10.861303;0.273264401772526
Wald;10.871749;0.588486140724947
Flachmoore;10.886137;0.274002954209749
Wald;10.886434;0.590618336886994
Flachmoore;10.902775;0.274741506646972
Flachmoore;10.907204;0.275480059084195
Flachmoore;10.912327;0.276218611521418
Flachmoore;10.918974;0.276957163958641
Flachmoore;10.925476;0.277695716395864
Flachmoore;10.931622;0.278434268833087
Flachmoore;10.931704;0.27917282127031
Flachmoore;10.934107;0.279911373707533
Wald;10.936572;0.59275053304904
Flachmoore;10.970449;0.280649926144756
Flachmoore;10.9714775;0.281388478581979
Wald;10.99428;0.594882729211087
Flachmoore;10.994904;0.282127031019202
Flachmoore;10.997126;0.282865583456425
Flachmoore;11.003132;0.283604135893648
Flachmoore;11.005102;0.284342688330872
Flachmoore;11.009884;0.285081240768095
Wald;11.012371;0.597014925373134
Flachmoore;11.016195;0.285819793205318
Flachmoore;11.018711;0.286558345642541
Flachmoore;11.022112;0.287296898079764
Flachmoore;11.030613;0.288035450516987
Flachmoore;11.040808;0.28877400295421
Flachmoore;11.041897;0.289512555391433
Wald;11.053021;0.599147121535181
Flachmoore;11.05373;0.290251107828656
Wald;11.057074;0.601279317697228
Flachmoore;11.059357;0.290989660265879
Wald;11.060816;0.603411513859275
Flachmoore;11.063618;0.291728212703102
Wald;11.064675;0.605543710021322
Flachmoore;11.069946;0.292466765140325
Flachmoore;11.070147;0.293205317577548
Wald;11.074734;0.607675906183369
Flachmoore;11.07938;0.293943870014771
Flachmoore;11.08849;0.294682422451994
Flachmoore;11.10528;0.295420974889217
Flachmoore;11.1070595;0.29615952732644
Flachmoore;11.109758;0.296898079763663
Flachmoore;11.111362;0.297636632200886
Flachmoore;11.1155205;0.298375184638109
Flachmoore;11.115667;0.299113737075332
Flachmoore;11.117811;0.299852289512555
Flachmoore;11.119398;0.300590841949778
Flachmoore;11.134186;0.301329394387001
Flachmoore;11.146746;0.302067946824224
Wald;11.146774;0.609808102345416
Flachmoore;11.147579;0.302806499261448
Flachmoore;11.148415;0.303545051698671
Flachmoore;11.149029;0.304283604135894
Flachmoore;11.151384;0.305022156573117
Flachmoore;11.152725;0.30576070901034
Wald;11.161908;0.611940298507463
Flachmoore;11.167574;0.306499261447563
Flachmoore;11.171431;0.307237813884786
Flachmoore;11.171577;0.307976366322009
Flachmoore;11.172966;0.308714918759232
Wald;11.173456;0.61407249466951
Wald;11.17695;0.616204690831556
Flachmoore;11.185406;0.309453471196455
Flachmoore;11.186893;0.310192023633678
Flachmoore;11.195673;0.310930576070901
Trockenwiesen/-weiden;11.199348;0.949367088607595
Flachmoore;11.202688;0.311669128508124
Flachmoore;11.207108;0.312407680945347
Flachmoore;11.207113;0.31314623338257
Flachmoore;11.216812;0.313884785819793
Flachmoore;11.222317;0.314623338257016
Flachmoore;11.222965;0.315361890694239
Flachmoore;11.23094;0.316100443131462
Flachmoore;11.235338;0.316838995568685
Flachmoore;11.238386;0.317577548005908
Wald;11.242723;0.618336886993603
Flachmoore;11.246145;0.318316100443131
Flachmoore;11.246775;0.319054652880355
Trockenwiesen/-weiden;11.260563;0.962025316455696
Flachmoore;11.264412;0.319793205317578
Flachmoore;11.2717495;0.320531757754801
Flachmoore;11.282852;0.321270310192024
Flachmoore;11.284931;0.322008862629247
Flachmoore;11.285711;0.32274741506647
Flachmoore;11.289946;0.323485967503693
Wald;11.291531;0.62046908315565
Flachmoore;11.295647;0.324224519940916
Flachmoore;11.313557;0.324963072378139
Flachmoore;11.3192005;0.325701624815362
Wald;11.359521;0.622601279317697
Flachmoore;11.364904;0.326440177252585
Wald;11.365004;0.624733475479744
Wald;11.37254;0.626865671641791
Flachmoore;11.375942;0.327178729689808
Flachmoore;11.378489;0.327917282127031
Wald;11.378985;0.628997867803838
Flachmoore;11.385008;0.328655834564254
Flachmoore;11.386423;0.329394387001477
Flachmoore;11.396753;0.3301329394387
Flachmoore;11.398626;0.330871491875923
Flachmoore;11.40527;0.331610044313146
Flachmoore;11.4106045;0.332348596750369
Flachmoore;11.42252;0.333087149187592
Flachmoore;11.43021;0.333825701624815
Flachmoore;11.436756;0.334564254062038
Flachmoore;11.447809;0.335302806499261
Flachmoore;11.449038;0.336041358936485
Flachmoore;11.451429;0.336779911373708
Flachmoore;11.45327;0.337518463810931
Flachmoore;11.45336;0.338257016248154
Flachmoore;11.464125;0.338995568685377
Wald;11.469576;0.631130063965885
Flachmoore;11.474035;0.3397341211226
Flachmoore;11.478886;0.340472673559823
Flachmoore;11.482628;0.341211225997046
Flachmoore;11.502451;0.341949778434269
Flachmoore;11.504889;0.342688330871492
Flachmoore;11.510849;0.343426883308715
Wald;11.514298;0.633262260127932
Flachmoore;11.519724;0.344165435745938
Flachmoore;11.525097;0.344903988183161
Flachmoore;11.530273;0.345642540620384
Flachmoore;11.554628;0.346381093057607
Wald;11.564964;0.635394456289979
Wald;11.573406;0.637526652452026
Flachmoore;11.583723;0.34711964549483
Flachmoore;11.589708;0.347858197932053
Flachmoore;11.59584;0.348596750369276
Flachmoore;11.605507;0.349335302806499
Flachmoore;11.61182;0.350073855243722
Flachmoore;11.61586;0.350812407680945
Flachmoore;11.616562;0.351550960118168
Flachmoore;11.61684;0.352289512555391
Flachmoore;11.61688;0.353028064992614
Trockenwiesen/-weiden;11.6268635;0.974683544303797
Flachmoore;11.632669;0.353766617429838
Flachmoore;11.636442;0.354505169867061
Wald;11.642155;0.639658848614073
Flachmoore;11.661215;0.355243722304284
Flachmoore;11.687067;0.355982274741507
Flachmoore;11.698334;0.35672082717873
Flachmoore;11.706282;0.357459379615953
Flachmoore;11.70648;0.358197932053176
Wald;11.711452;0.641791044776119
Flachmoore;11.715593;0.358936484490399
Flachmoore;11.72007;0.359675036927622
Flachmoore;11.7244835;0.360413589364845
Wald;11.7297945;0.643923240938166
Flachmoore;11.731655;0.361152141802068
Flachmoore;11.733715;0.361890694239291
Flachmoore;11.746372;0.362629246676514
Flachmoore;11.75008;0.363367799113737
Wald;11.753009;0.646055437100213
Flachmoore;11.756426;0.36410635155096
Wald;11.760899;0.64818763326226
Flachmoore;11.79109;0.364844903988183
Flachmoore;11.795408;0.365583456425406
Wald;11.796567;0.650319829424307
Flachmoore;11.796692;0.366322008862629
Flachmoore;11.798992;0.367060561299852
Flachmoore;11.802034;0.367799113737075
Flachmoore;11.810884;0.368537666174298
Wald;11.852271;0.652452025586354
Flachmoore;11.872446;0.369276218611521
Wald;11.872699;0.654584221748401
Flachmoore;11.873552;0.370014771048744
Flachmoore;11.89579;0.370753323485968
Flachmoore;11.899916;0.371491875923191
Flachmoore;11.9025345;0.372230428360414
Wald;11.904392;0.656716417910448
Flachmoore;11.908985;0.372968980797637
Flachmoore;11.925701;0.37370753323486
Flachmoore;11.9292145;0.374446085672083
Flachmoore;11.936878;0.375184638109306
Flachmoore;11.938963;0.375923190546529
Flachmoore;11.940418;0.376661742983752
Trockenwiesen/-weiden;11.943237;0.987341772151899
Flachmoore;11.945219;0.377400295420975
Flachmoore;11.946579;0.378138847858198
Wald;11.952837;0.658848614072495
Flachmoore;11.963982;0.378877400295421
Flachmoore;11.967695;0.379615952732644
Wald;11.9699545;0.660980810234542
Flachmoore;11.972105;0.380354505169867
Flachmoore;11.973019;0.38109305760709
Flachmoore;11.97747;0.381831610044313
Flachmoore;11.982399;0.382570162481536
Flachmoore;11.985636;0.383308714918759
Wald;11.999439;0.663113006396588
Flachmoore;12.003565;0.384047267355982
Flachmoore;12.011005;0.384785819793205
Flachmoore;12.026415;0.385524372230428
Flachmoore;12.028219;0.386262924667651
Flachmoore;12.054407;0.387001477104874
Flachmoore;12.05842;0.387740029542097
Flachmoore;12.067402;0.388478581979321
Flachmoore;12.082537;0.389217134416544
Flachmoore;12.082884;0.389955686853767
Wald;12.098019;0.665245202558635
Flachmoore;12.112593;0.39069423929099
Wald;12.113866;0.667377398720682
Flachmoore;12.123072;0.391432791728213
Wald;12.1408;0.669509594882729
Flachmoore;12.144333;0.392171344165436
Flachmoore;12.145466;0.392909896602659
Flachmoore;12.170277;0.393648449039882
Flachmoore;12.184237;0.394387001477105
Wald;12.187514;0.671641791044776
Flachmoore;12.202686;0.395125553914328
Flachmoore;12.215488;0.395864106351551
Flachmoore;12.221451;0.396602658788774
Wald;12.232454;0.673773987206823
Flachmoore;12.26264;0.397341211225997
Flachmoore;12.282515;0.39807976366322
Flachmoore;12.288364;0.398818316100443
Flachmoore;12.291479;0.399556868537666
Flachmoore;12.291506;0.400295420974889
Flachmoore;12.301451;0.401033973412112
Flachmoore;12.305887;0.401772525849335
Flachmoore;12.317486;0.402511078286558
Flachmoore;12.318331;0.403249630723781
Flachmoore;12.320627;0.403988183161004
Flachmoore;12.321894;0.404726735598227
Flachmoore;12.32777;0.405465288035451
Flachmoore;12.328648;0.406203840472674
Flachmoore;12.330179;0.406942392909897
Wald;12.33094;0.67590618336887
Flachmoore;12.358509;0.40768094534712
Flachmoore;12.360889;0.408419497784343
Flachmoore;12.380375;0.409158050221566
Flachmoore;12.380957;0.409896602658789
Flachmoore;12.391798;0.410635155096012
Flachmoore;12.393126;0.411373707533235
Flachmoore;12.404039;0.412112259970458
Wald;12.405329;0.678038379530917
Flachmoore;12.422661;0.412850812407681
Wald;12.434439;0.680170575692964
Flachmoore;12.443432;0.413589364844904
Flachmoore;12.449728;0.414327917282127
Flachmoore;12.466444;0.41506646971935
Flachmoore;12.470404;0.415805022156573
Flachmoore;12.481768;0.416543574593796
Wald;12.482831;0.682302771855011
Flachmoore;12.487684;0.417282127031019
Wald;12.491938;0.684434968017058
Trockenwiesen/-weiden;12.49398;1
Flachmoore;12.498049;0.418020679468242
Flachmoore;12.511087;0.418759231905465
Flachmoore;12.522543;0.419497784342688
Flachmoore;12.529964;0.420236336779911
Wald;12.549125;0.686567164179104
Flachmoore;12.557798;0.420974889217134
Flachmoore;12.562407;0.421713441654357
Flachmoore;12.5641365;0.422451994091581
Flachmoore;12.565573;0.423190546528804
Flachmoore;12.567738;0.423929098966027
Wald;12.568018;0.688699360341151
Flachmoore;12.57826;0.42466765140325
Flachmoore;12.58017;0.425406203840473
Flachmoore;12.584892;0.426144756277696
Flachmoore;12.585007;0.426883308714919
Flachmoore;12.591972;0.427621861152142
Flachmoore;12.59753;0.428360413589365
Flachmoore;12.598858;0.429098966026588
Flachmoore;12.608223;0.429837518463811
Flachmoore;12.61474;0.430576070901034
Flachmoore;12.634117;0.431314623338257
Wald;12.635136;0.690831556503198
Flachmoore;12.659607;0.43205317577548
Flachmoore;12.660013;0.432791728212703
Flachmoore;12.66391;0.433530280649926
Flachmoore;12.681877;0.434268833087149
Flachmoore;12.683159;0.435007385524372
Flachmoore;12.684996;0.435745937961595
Wald;12.686577;0.692963752665245
Flachmoore;12.687042;0.436484490398818
Wald;12.69782;0.695095948827292
Flachmoore;12.703981;0.437223042836041
Flachmoore;12.7135105;0.437961595273264
Flachmoore;12.715397;0.438700147710487
Flachmoore;12.74295;0.43943870014771
Flachmoore;12.74407;0.440177252584934
Wald;12.748147;0.697228144989339
Flachmoore;12.759729;0.440915805022157
Flachmoore;12.759935;0.44165435745938
Flachmoore;12.760233;0.442392909896603
Flachmoore;12.7816925;0.443131462333826
Flachmoore;12.784981;0.443870014771049
Flachmoore;12.786036;0.444608567208272
Flachmoore;12.788374;0.445347119645495
Wald;12.79034;0.699360341151386
Flachmoore;12.799246;0.446085672082718
Flachmoore;12.803057;0.446824224519941
Wald;12.806529;0.701492537313433
Wald;12.815231;0.70362473347548
Flachmoore;12.818092;0.447562776957164
Wald;12.821976;0.705756929637527
Flachmoore;12.828033;0.448301329394387
Flachmoore;12.828764;0.44903988183161
Flachmoore;12.8295555;0.449778434268833
Flachmoore;12.829639;0.450516986706056
Flachmoore;12.835022;0.451255539143279
Flachmoore;12.838245;0.451994091580502
Wald;12.839557;0.707889125799574
Flachmoore;12.850071;0.452732644017725
Flachmoore;12.856464;0.453471196454948
Flachmoore;12.861322;0.454209748892171
Flachmoore;12.869501;0.454948301329394
Flachmoore;12.885366;0.455686853766617
Flachmoore;12.885681;0.45642540620384
Flachmoore;12.88641;0.457163958641064
Wald;12.892628;0.71002132196162
Flachmoore;12.894621;0.457902511078287
Wald;12.894915;0.712153518123667
Flachmoore;12.898499;0.45864106351551
Wald;12.921097;0.714285714285714
Flachmoore;12.926331;0.459379615952733
Flachmoore;12.92787;0.460118168389956
Wald;12.92812;0.716417910447761
Flachmoore;12.945816;0.460856720827179
Flachmoore;12.950443;0.461595273264402
Flachmoore;12.951122;0.462333825701625
Flachmoore;12.951254;0.463072378138848
Flachmoore;12.952637;0.463810930576071
Flachmoore;12.957001;0.464549483013294
Flachmoore;12.957872;0.465288035450517
Flachmoore;12.958342;0.46602658788774
Flachmoore;12.961777;0.466765140324963
Flachmoore;12.968504;0.467503692762186
Flachmoore;12.978716;0.468242245199409
Flachmoore;12.981573;0.468980797636632
Flachmoore;12.984493;0.469719350073855
Wald;12.996265;0.718550106609808
Flachmoore;13.007338;0.470457902511078
Flachmoore;13.021929;0.471196454948301
Flachmoore;13.022673;0.471935007385524
Flachmoore;13.024332;0.472673559822747
Flachmoore;13.024395;0.47341211225997
Flachmoore;13.039858;0.474150664697194
Flachmoore;13.04302;0.474889217134417
Flachmoore;13.048286;0.47562776957164
Flachmoore;13.059168;0.476366322008863
Flachmoore;13.062838;0.477104874446086
Wald;13.065532;0.720682302771855
Flachmoore;13.069977;0.477843426883309
Wald;13.079986;0.722814498933902
Flachmoore;13.08773;0.478581979320532
Flachmoore;13.098253;0.479320531757755
Wald;13.10185;0.724946695095949
Flachmoore;13.113022;0.480059084194978
Wald;13.131709;0.727078891257996
Flachmoore;13.132334;0.480797636632201
Flachmoore;13.135895;0.481536189069424
Flachmoore;13.140694;0.482274741506647
Wald;13.145399;0.729211087420043
Flachmoore;13.151833;0.48301329394387
Wald;13.153335;0.73134328358209
Flachmoore;13.16608;0.483751846381093
Flachmoore;13.169647;0.484490398818316
Wald;13.188614;0.733475479744137
Flachmoore;13.198984;0.485228951255539
Wald;13.211244;0.735607675906183
Wald;13.216442;0.73773987206823
Flachmoore;13.225069;0.485967503692762
Flachmoore;13.225122;0.486706056129985
Flachmoore;13.229746;0.487444608567208
Wald;13.24788;0.739872068230277
Hochmoore;13.249081;0.00381679389312977
Flachmoore;13.258604;0.488183161004431
Flachmoore;13.26639;0.488921713441654
Flachmoore;13.276913;0.489660265878877
Wald;13.30073;0.742004264392324
Flachmoore;13.301943;0.4903988183161
Flachmoore;13.302179;0.491137370753323
Wald;13.313244;0.744136460554371
Wald;13.325176;0.746268656716418
Flachmoore;13.329475;0.491875923190547
Flachmoore;13.33609;0.49261447562777
Hochmoore;13.336353;0.00763358778625954
Flachmoore;13.340511;0.493353028064993
Flachmoore;13.342592;0.494091580502216
Wald;13.345943;0.748400852878465
Flachmoore;13.353024;0.494830132939439
Flachmoore;13.3544235;0.495568685376662
Flachmoore;13.360613;0.496307237813885
Flachmoore;13.372852;0.497045790251108
Flachmoore;13.3801;0.497784342688331
Hochmoore;13.381216;0.0114503816793893
Flachmoore;13.389931;0.498522895125554
Flachmoore;13.391485;0.499261447562777
Wald;13.397003;0.750533049040512
Flachmoore;13.409157;0.5
Flachmoore;13.442474;0.500738552437223
Hochmoore;13.455721;0.0152671755725191
Flachmoore;13.459267;0.501477104874446
Wald;13.461292;0.752665245202559
Wald;13.481358;0.754797441364606
Flachmoore;13.481771;0.502215657311669
Hochmoore;13.491184;0.0190839694656489
Flachmoore;13.502621;0.502954209748892
Flachmoore;13.509232;0.503692762186115
Flachmoore;13.513756;0.504431314623338
Flachmoore;13.51882;0.505169867060561
Flachmoore;13.53503;0.505908419497784
Flachmoore;13.53553;0.506646971935007
Flachmoore;13.566971;0.50738552437223
Hochmoore;13.568615;0.0229007633587786
Hochmoore;13.56921;0.0267175572519084
Hochmoore;13.570753;0.0305343511450382
Flachmoore;13.57556;0.508124076809453
Flachmoore;13.587204;0.508862629246676
Wald;13.587397;0.756929637526652
Flachmoore;13.588253;0.5096011816839
Flachmoore;13.589123;0.510339734121123
Wald;13.59656;0.759061833688699
Flachmoore;13.5967045;0.511078286558346
Flachmoore;13.602011;0.511816838995569
Hochmoore;13.605141;0.0343511450381679
Hochmoore;13.60778;0.0381679389312977
Hochmoore;13.615023;0.0419847328244275
Flachmoore;13.61656;0.512555391432792
Flachmoore;13.623287;0.513293943870015
Flachmoore;13.644314;0.514032496307238
Flachmoore;13.665871;0.514771048744461
Hochmoore;13.678268;0.0458015267175573
Hochmoore;13.686203;0.049618320610687
Flachmoore;13.686697;0.515509601181684
Hochmoore;13.687929;0.0534351145038168
Hochmoore;13.689114;0.0572519083969466
Flachmoore;13.698959;0.516248153618907
Flachmoore;13.700903;0.51698670605613
Flachmoore;13.71636;0.517725258493353
Hochmoore;13.729694;0.0610687022900763
Flachmoore;13.730597;0.518463810930576
Hochmoore;13.730917;0.0648854961832061
Wald;13.742215;0.761194029850746
Hochmoore;13.767767;0.0687022900763359
Flachmoore;13.770063;0.519202363367799
Flachmoore;13.779173;0.519940915805022
Flachmoore;13.793566;0.520679468242245
Flachmoore;13.799311;0.521418020679468
Flachmoore;13.803598;0.522156573116691
Flachmoore;13.807348;0.522895125553914
Hochmoore;13.813343;0.0725190839694656
Wald;13.815855;0.763326226012793
Flachmoore;13.819754;0.523633677991137
Flachmoore;13.820768;0.52437223042836
Flachmoore;13.838438;0.525110782865583
Wald;13.841908;0.76545842217484
Hochmoore;13.847742;0.0763358778625954
Flachmoore;13.84976;0.525849335302807
Flachmoore;13.851622;0.52658788774003
Flachmoore;13.860825;0.527326440177253
Hochmoore;13.861303;0.0801526717557252
Hochmoore;13.869125;0.083969465648855
Flachmoore;13.873444;0.528064992614476
Flachmoore;13.879211;0.528803545051699
Hochmoore;13.885046;0.0877862595419847
Flachmoore;13.916454;0.529542097488922
Hochmoore;13.917286;0.0916030534351145
Flachmoore;13.933458;0.530280649926145
Wald;13.939222;0.767590618336887
Flachmoore;13.941998;0.531019202363368
Flachmoore;13.950876;0.531757754800591
Wald;13.966965;0.769722814498934
Flachmoore;13.976324;0.532496307237814
Wald;13.980927;0.771855010660981
Hochmoore;13.993193;0.0954198473282443
Flachmoore;13.994995;0.533234859675037
Flachmoore;14.009083;0.53397341211226
Hochmoore;14.01248;0.099236641221374
Hochmoore;14.018711;0.103053435114504
Hochmoore;14.022112;0.106870229007634
Hochmoore;14.031509;0.110687022900763
Flachmoore;14.034714;0.534711964549483
Hochmoore;14.041897;0.114503816793893
Hochmoore;14.047373;0.118320610687023
Wald;14.053414;0.773987206823028
Flachmoore;14.053577;0.535450516986706
Wald;14.054298;0.776119402985075
Flachmoore;14.061165;0.536189069423929
Flachmoore;14.061943;0.536927621861152
Hochmoore;14.063618;0.122137404580153
Hochmoore;14.081947;0.125954198473282
Flachmoore;14.0822735;0.537666174298375
Flachmoore;14.091463;0.538404726735598
Hochmoore;14.100935;0.129770992366412
Hochmoore;14.1070595;0.133587786259542
Wald;14.111833;0.778251599147121
Flachmoore;14.122648;0.539143279172821
Flachmoore;14.135212;0.539881831610044
Flachmoore;14.150705;0.540620384047267
Flachmoore;14.155481;0.54135893648449
Hochmoore;14.161791;0.137404580152672
Flachmoore;14.163479;0.542097488921713
Flachmoore;14.166903;0.542836041358936
Wald;14.169391;0.780383795309168
Wald;14.171331;0.782515991471215
Hochmoore;14.172966;0.141221374045802
Flachmoore;14.189348;0.54357459379616
Flachmoore;14.190205;0.544313146233383
Flachmoore;14.200575;0.545051698670606
Hochmoore;14.204582;0.145038167938931
Wald;14.215272;0.784648187633262
Flachmoore;14.215328;0.545790251107829
Hochmoore;14.222317;0.148854961832061
Flachmoore;14.236294;0.546528803545052
Flachmoore;14.236584;0.547267355982275
Flachmoore;14.239235;0.548005908419498
Hochmoore;14.246775;0.152671755725191
Flachmoore;14.247715;0.548744460856721
Flachmoore;14.256454;0.549483013293944
Hochmoore;14.267761;0.156488549618321
Wald;14.268842;0.786780383795309
Hochmoore;14.282852;0.16030534351145
Hochmoore;14.285711;0.16412213740458
Flachmoore;14.288368;0.550221565731167
Flachmoore;14.296074;0.55096011816839
Hochmoore;14.306103;0.16793893129771
Flachmoore;14.308504;0.551698670605613
Hochmoore;14.313557;0.17175572519084
Flachmoore;14.336975;0.552437223042836
Flachmoore;14.344612;0.553175775480059
Flachmoore;14.359739;0.553914327917282
Flachmoore;14.360256;0.554652880354505
Wald;14.383591;0.788912579957356
Hochmoore;14.385008;0.175572519083969
Wald;14.388792;0.791044776119403
Flachmoore;14.395842;0.555391432791728
Flachmoore;14.398573;0.556129985228951
Flachmoore;14.402609;0.556868537666174
Flachmoore;14.407024;0.557607090103397
Flachmoore;14.409439;0.55834564254062
Flachmoore;14.413525;0.559084194977843
Hochmoore;14.417362;0.179389312977099
Flachmoore;14.418383;0.559822747415066
Hochmoore;14.439697;0.183206106870229
Flachmoore;14.440159;0.56056129985229
Flachmoore;14.445467;0.561299852289513
Flachmoore;14.456924;0.562038404726736
Wald;14.457403;0.79317697228145
Hochmoore;14.474686;0.187022900763359
Hochmoore;14.47476;0.190839694656489
Hochmoore;14.482628;0.194656488549618
Flachmoore;14.484068;0.562776957163959
Flachmoore;14.484409;0.563515509601182
Flachmoore;14.49011;0.564254062038405
Flachmoore;14.491779;0.564992614475628
Flachmoore;14.49527;0.565731166912851
Flachmoore;14.498667;0.566469719350074
Flachmoore;14.500568;0.567208271787297
Hochmoore;14.502451;0.198473282442748
Flachmoore;14.509115;0.56794682422452
Flachmoore;14.511137;0.568685376661743
Flachmoore;14.515797;0.569423929098966
Flachmoore;14.522587;0.570162481536189
Flachmoore;14.526148;0.570901033973412
Flachmoore;14.531029;0.571639586410635
Hochmoore;14.539471;0.202290076335878
Flachmoore;14.554522;0.572378138847858
Wald;14.557276;0.795309168443497
Flachmoore;14.557455;0.573116691285081
Flachmoore;14.559713;0.573855243722304
Wald;14.565052;0.797441364605544
Flachmoore;14.570374;0.574593796159527
Flachmoore;14.574652;0.57533234859675
Flachmoore;14.580349;0.576070901033973
Flachmoore;14.593264;0.576809453471196
Flachmoore;14.594166;0.577548005908419
Flachmoore;14.595133;0.578286558345643
Flachmoore;14.596697;0.579025110782866
Flachmoore;14.597776;0.579763663220089
Hochmoore;14.599274;0.206106870229008
Hochmoore;14.599979;0.209923664122137
Wald;14.603935;0.799573560767591
Flachmoore;14.631247;0.580502215657312
Hochmoore;14.6425705;0.213740458015267
Flachmoore;14.662491;0.581240768094535
Hochmoore;14.66424;0.217557251908397
Wald;14.6655855;0.801705756929638
Hochmoore;14.666275;0.221374045801527
Flachmoore;14.669914;0.581979320531758
Flachmoore;14.691198;0.582717872968981
Wald;14.691433;0.803837953091684
Hochmoore;14.698334;0.225190839694656
Hochmoore;14.70648;0.229007633587786
Wald;14.707111;0.805970149253731
Flachmoore;14.714621;0.583456425406204
Flachmoore;14.715101;0.584194977843427
Flachmoore;14.727249;0.58493353028065
Flachmoore;14.731934;0.585672082717873
Flachmoore;14.732874;0.586410635155096
Flachmoore;14.735802;0.587149187592319
Flachmoore;14.7383;0.587887740029542
Hochmoore;14.741419;0.232824427480916
Flachmoore;14.747181;0.588626292466765
Flachmoore;14.749805;0.589364844903988
Flachmoore;14.751186;0.590103397341211
Hochmoore;14.756426;0.236641221374046
Flachmoore;14.765671;0.590841949778434
Flachmoore;14.795769;0.591580502215657
Flachmoore;14.826618;0.59231905465288
Flachmoore;14.856709;0.593057607090103
Wald;14.861521;0.808102345415778
Hochmoore;14.873552;0.240458015267176
Wald;14.887062;0.810234541577825
Wald;14.893391;0.812366737739872
Flachmoore;14.900454;0.593796159527326
Flachmoore;14.900881;0.594534711964549
Flachmoore;14.905537;0.595273264401773
Wald;14.90748;0.814498933901919
Flachmoore;14.915091;0.596011816838996
Flachmoore;14.921495;0.596750369276219
Flachmoore;14.935665;0.597488921713442
Flachmoore;14.945023;0.598227474150665
Flachmoore;14.955217;0.598966026587888
Wald;14.955692;0.816631130063966
Flachmoore;14.957775;0.599704579025111
Hochmoore;14.967695;0.244274809160305
Flachmoore;14.969681;0.600443131462334
Flachmoore;14.972532;0.601181683899557
Flachmoore;14.987743;0.60192023633678
Flachmoore;14.998842;0.602658788774003
Flachmoore;15.000349;0.603397341211226
Flachmoore;15.015318;0.604135893648449
Flachmoore;15.018991;0.604874446085672
Wald;15.024083;0.818763326226013
Flachmoore;15.048973;0.605612998522895
Wald;15.053824;0.82089552238806
Flachmoore;15.054155;0.606351550960118
Flachmoore;15.063877;0.607090103397341
Flachmoore;15.065096;0.607828655834564
Flachmoore;15.068045;0.608567208271787
Flachmoore;15.068375;0.60930576070901
Flachmoore;15.068432;0.610044313146233
Flachmoore;15.074617;0.610782865583456
Flachmoore;15.078608;0.611521418020679
Flachmoore;15.096767;0.612259970457902
Flachmoore;15.100496;0.612998522895126
Flachmoore;15.101692;0.613737075332349
Flachmoore;15.10601;0.614475627769572
Hochmoore;15.112593;0.248091603053435
Hochmoore;15.117313;0.251908396946565
Flachmoore;15.125183;0.615214180206795
Flachmoore;15.128178;0.615952732644018
Hochmoore;15.144333;0.255725190839695
Wald;15.152263;0.823027718550107
Wald;15.153326;0.825159914712154
Wald;15.15592;0.8272921108742
Flachmoore;15.166834;0.616691285081241
Flachmoore;15.168415;0.617429837518464
Flachmoore;15.179115;0.618168389955687
Flachmoore;15.184998;0.61890694239291
Hochmoore;15.199501;0.259541984732824
Wald;15.199865;0.829424307036247
Flachmoore;15.205715;0.619645494830133
Flachmoore;15.208231;0.620384047267356
Flachmoore;15.213661;0.621122599704579
Hochmoore;15.215488;0.263358778625954
Flachmoore;15.218988;0.621861152141802
Flachmoore;15.229132;0.622599704579025
Flachmoore;15.243946;0.623338257016248
Flachmoore;15.244209;0.624076809453471
Hochmoore;15.265083;0.267175572519084
Hochmoore;15.2811165;0.270992366412214
Hochmoore;15.281767;0.274809160305344
Flachmoore;15.290182;0.624815361890694
Flachmoore;15.295805;0.625553914327917
Wald;15.295816;0.831556503198294
Flachmoore;15.307619;0.62629246676514
Flachmoore;15.312471;0.627031019202363
Hochmoore;15.322533;0.278625954198473
Flachmoore;15.329523;0.627769571639586
Flachmoore;15.343006;0.628508124076809
Wald;15.347698;0.833688699360341
Flachmoore;15.361465;0.629246676514033
Flachmoore;15.397284;0.629985228951256
Flachmoore;15.398571;0.630723781388479
Hochmoore;15.42207;0.282442748091603
Hochmoore;15.426588;0.286259541984733
Flachmoore;15.429268;0.631462333825702
Flachmoore;15.429287;0.632200886262925
Flachmoore;15.431133;0.632939438700148
Flachmoore;15.4319725;0.633677991137371
Wald;15.454744;0.835820895522388
Flachmoore;15.469969;0.634416543574594
Hochmoore;15.473248;0.290076335877863
Wald;15.480396;0.837953091684435
Hochmoore;15.498049;0.293893129770992
Flachmoore;15.4987545;0.635155096011817
Flachmoore;15.500542;0.63589364844904
Flachmoore;15.500931;0.636632200886263
Flachmoore;15.516331;0.637370753323486
Flachmoore;15.521681;0.638109305760709
Flachmoore;15.539583;0.638847858197932
Flachmoore;15.539631;0.639586410635155
Flachmoore;15.54352;0.640324963072378
Flachmoore;15.544695;0.641063515509601
Flachmoore;15.546333;0.641802067946824
Flachmoore;15.561432;0.642540620384047
Flachmoore;15.577562;0.64327917282127
Hochmoore;15.585007;0.297709923664122
Wald;15.586891;0.840085287846482
Flachmoore;15.587103;0.644017725258493
Flachmoore;15.5884285;0.644756277695716
Wald;15.59552;0.842217484008529
Flachmoore;15.595869;0.645494830132939
Hochmoore;15.598858;0.301526717557252
Flachmoore;15.641714;0.646233382570162
Hochmoore;15.646996;0.305343511450382
Flachmoore;15.6508045;0.646971935007385
Wald;15.655119;0.844349680170576
Flachmoore;15.663683;0.647710487444609
Flachmoore;15.665953;0.648449039881832
Flachmoore;15.670515;0.649187592319055
Flachmoore;15.680168;0.649926144756278
Hochmoore;15.68527;0.309160305343511
Flachmoore;15.691927;0.650664697193501
Flachmoore;15.692293;0.651403249630724
Flachmoore;15.6936035;0.652141802067947
Hochmoore;15.694729;0.312977099236641
Hochmoore;15.697176;0.316793893129771
Flachmoore;15.714331;0.65288035450517
Flachmoore;15.7207985;0.653618906942393
Flachmoore;15.729996;0.654357459379616
Flachmoore;15.737421;0.655096011816839
Flachmoore;15.7409725;0.655834564254062
Wald;15.752456;0.846481876332623
Flachmoore;15.754072;0.656573116691285
Flachmoore;15.756117;0.657311669128508
Flachmoore;15.758717;0.658050221565731
Hochmoore;15.759874;0.320610687022901
Hochmoore;15.784981;0.324427480916031
Flachmoore;15.791798;0.658788774002954
Flachmoore;15.791927;0.659527326440177
Wald;15.798626;0.848614072494669
Flachmoore;15.81197;0.6602658788774
Flachmoore;15.816301;0.661004431314623
Hochmoore;15.818092;0.32824427480916
Flachmoore;15.823059;0.661742983751846
Flachmoore;15.823538;0.662481536189069
Flachmoore;15.831297;0.663220088626292
Wald;15.834553;0.850746268656716
Hochmoore;15.856464;0.33206106870229
Hochmoore;15.857132;0.33587786259542
Flachmoore;15.86157;0.663958641063516
Flachmoore;15.865385;0.664697193500739
Flachmoore;15.865658;0.665435745937962
Hochmoore;15.875029;0.33969465648855
Flachmoore;15.879631;0.666174298375185
Flachmoore;15.881392;0.666912850812408
Hochmoore;15.884222;0.343511450381679
Flachmoore;15.897875;0.667651403249631
Flachmoore;15.910707;0.668389955686854
Flachmoore;15.916044;0.669128508124077
Flachmoore;15.949717;0.6698670605613
Flachmoore;15.949884;0.670605612998523
Hochmoore;15.951254;0.347328244274809
Wald;15.951276;0.852878464818763
Hochmoore;15.952637;0.351145038167939
Flachmoore;15.957417;0.671344165435746
Hochmoore;15.958342;0.354961832061069
Flachmoore;15.96069;0.672082717872969
Flachmoore;15.962955;0.672821270310192
Flachmoore;15.972122;0.673559822747415
Flachmoore;15.989998;0.674298375184638
Hochmoore;16.007427;0.358778625954198
Flachmoore;16.010672;0.675036927621861
Flachmoore;16.02123;0.675775480059084
Flachmoore;16.026829;0.676514032496307
Flachmoore;16.032969;0.67725258493353
Flachmoore;16.035019;0.677991137370753
Flachmoore;16.054386;0.678729689807976
Flachmoore;16.073124;0.679468242245199
Flachmoore;16.074923;0.680206794682422
Wald;16.07803;0.85501066098081
Hochmoore;16.080608;0.362595419847328
Wald;16.103554;0.857142857142857
Hochmoore;16.113022;0.366412213740458
Flachmoore;16.128206;0.680945347119645
Flachmoore;16.129726;0.681683899556869
Flachmoore;16.140997;0.682422451994092
Flachmoore;16.15685;0.683161004431315
Hochmoore;16.160997;0.370229007633588
Flachmoore;16.163158;0.683899556868538
Hochmoore;16.165014;0.374045801526718
Flachmoore;16.165094;0.684638109305761
Hochmoore;16.16608;0.377862595419847
Flachmoore;16.192467;0.685376661742984
Flachmoore;16.197487;0.686115214180207
Flachmoore;16.231918;0.68685376661743
Flachmoore;16.258093;0.687592319054653
Flachmoore;16.26228;0.688330871491876
Hochmoore;16.276913;0.381679389312977
Flachmoore;16.281132;0.689069423929099
Flachmoore;16.292864;0.689807976366322
Flachmoore;16.297369;0.690546528803545
Hochmoore;16.301105;0.385496183206107
Flachmoore;16.319761;0.691285081240768
Flachmoore;16.347061;0.692023633677991
Wald;16.347479;0.859275053304904
Flachmoore;16.355959;0.692762186115214
Flachmoore;16.378746;0.693500738552437
Flachmoore;16.387522;0.69423929098966
Flachmoore;16.387571;0.694977843426883
Hochmoore;16.399294;0.389312977099237
Hochmoore;16.404942;0.393129770992366
Flachmoore;16.433495;0.695716395864106
Wald;16.438848;0.861407249466951
Flachmoore;16.453562;0.696454948301329
Wald;16.466848;0.863539445628998
Flachmoore;16.471786;0.697193500738552
Flachmoore;16.472042;0.697932053175775
Flachmoore;16.473104;0.698670605612999
Flachmoore;16.47803;0.699409158050222
Hochmoore;16.48545;0.396946564885496
Hochmoore;16.494284;0.400763358778626
Flachmoore;16.495518;0.700147710487445
Wald;16.512165;0.865671641791045
Flachmoore;16.53456;0.700886262924668
Flachmoore;16.552206;0.701624815361891
Wald;16.56264;0.867803837953092
Hochmoore;16.57556;0.404580152671756
Flachmoore;16.583727;0.702363367799114
Flachmoore;16.58585;0.703101920236337
Flachmoore;16.594784;0.70384047267356
Flachmoore;16.600662;0.704579025110783
Flachmoore;16.60498;0.705317577548006
Flachmoore;16.619638;0.706056129985229
Hochmoore;16.623287;0.408396946564886
Flachmoore;16.630205;0.706794682422452
Hochmoore;16.659548;0.412213740458015
Hochmoore;16.666832;0.416030534351145
Flachmoore;16.668764;0.707533234859675
Flachmoore;16.669271;0.708271787296898
Flachmoore;16.672112;0.709010339734121
Flachmoore;16.676111;0.709748892171344
Flachmoore;16.679306;0.710487444608567
Flachmoore;16.697788;0.71122599704579
Hochmoore;16.713907;0.419847328244275
Hochmoore;16.72555;0.423664122137405
Flachmoore;16.733082;0.711964549483013
Flachmoore;16.738245;0.712703101920236
Hochmoore;16.758835;0.427480916030534
Hochmoore;16.759995;0.431297709923664
Flachmoore;16.777851;0.713441654357459
Flachmoore;16.79009;0.714180206794682
Flachmoore;16.79819;0.714918759231906
Flachmoore;16.799261;0.715657311669128
Flachmoore;16.812746;0.716395864106352
Wald;16.82251;0.869936034115139
Flachmoore;16.833506;0.717134416543575
Flachmoore;16.837427;0.717872968980798
Flachmoore;16.849443;0.718611521418021
Flachmoore;16.865067;0.719350073855244
Flachmoore;16.87811;0.720088626292467
Wald;16.87878;0.872068230277185
Flachmoore;16.8869;0.72082717872969
Flachmoore;16.91389;0.721565731166913
Flachmoore;16.921782;0.722304283604136
Hochmoore;16.929718;0.435114503816794
Flachmoore;16.934217;0.723042836041359
Flachmoore;16.946846;0.723781388478582
Flachmoore;16.95015;0.724519940915805
Flachmoore;16.962278;0.725258493353028
Flachmoore;16.97202;0.725997045790251
Hochmoore;16.994995;0.438931297709924
Flachmoore;17.005608;0.726735598227474
Hochmoore;17.012672;0.442748091603053
Flachmoore;17.02134;0.727474150664697
Flachmoore;17.02903;0.72821270310192
Hochmoore;17.048895;0.446564885496183
Flachmoore;17.053951;0.728951255539143
Flachmoore;17.103579;0.729689807976366
Hochmoore;17.142183;0.450381679389313
Flachmoore;17.154007;0.730428360413589
Flachmoore;17.184055;0.731166912850812
Flachmoore;17.21139;0.731905465288035
Flachmoore;17.215618;0.732644017725258
Wald;17.227383;0.874200426439232
Flachmoore;17.229515;0.733382570162482
Flachmoore;17.230774;0.734121122599705
Flachmoore;17.237951;0.734859675036928
Wald;17.239513;0.876332622601279
Flachmoore;17.248585;0.735598227474151
Flachmoore;17.265675;0.736336779911374
Flachmoore;17.268555;0.737075332348597
Flachmoore;17.28454;0.73781388478582
Flachmoore;17.286304;0.738552437223043
Flachmoore;17.310413;0.739290989660266
Flachmoore;17.316027;0.740029542097489
Wald;17.326305;0.878464818763326
Flachmoore;17.342463;0.740768094534712
Hochmoore;17.35974;0.454198473282443
Hochmoore;17.364513;0.458015267175573
Wald;17.374025;0.880597014925373
Flachmoore;17.37851;0.741506646971935
Hochmoore;17.395842;0.461832061068702
Hochmoore;17.397234;0.465648854961832
Flachmoore;17.469393;0.742245199409158
Flachmoore;17.477245;0.742983751846381
Hochmoore;17.49178;0.469465648854962
Flachmoore;17.517797;0.743722304283604
Flachmoore;17.52841;0.744460856720827
Flachmoore;17.536854;0.74519940915805
Hochmoore;17.570374;0.473282442748092
Hochmoore;17.595133;0.477099236641221
Wald;17.599716;0.88272921108742
Wald;17.615395;0.884861407249467
Flachmoore;17.615562;0.745937961595273
Flachmoore;17.668137;0.746676514032496
Flachmoore;17.670126;0.747415066469719
Wald;17.675158;0.886993603411514
Flachmoore;17.683071;0.748153618906942
Hochmoore;17.686632;0.480916030534351
Flachmoore;17.691208;0.748892171344165
Flachmoore;17.698595;0.749630723781389
Flachmoore;17.699627;0.750369276218611
Flachmoore;17.728151;0.751107828655835
Hochmoore;17.728178;0.484732824427481
Flachmoore;17.729626;0.751846381093058
Wald;17.748943;0.889125799573561
Wald;17.754398;0.891257995735608
Flachmoore;17.756636;0.752584933530281
Flachmoore;17.780573;0.753323485967504
Wald;17.812147;0.893390191897655
Flachmoore;17.843117;0.754062038404727
Flachmoore;17.85238;0.75480059084195
Flachmoore;17.8555;0.755539143279173
Flachmoore;17.886772;0.756277695716396
Flachmoore;17.898546;0.757016248153619
Hochmoore;17.900454;0.488549618320611
Flachmoore;17.903887;0.757754800590842
Hochmoore;17.91509;0.49236641221374
Flachmoore;17.920126;0.758493353028065
Wald;17.920544;0.895522388059702
Hochmoore;17.932846;0.49618320610687
Flachmoore;17.938272;0.759231905465288
Flachmoore;17.952942;0.759970457902511
Hochmoore;17.962034;0.5
Hochmoore;17.970076;0.50381679389313
Wald;17.985123;0.897654584221748
Flachmoore;18.02229;0.760709010339734
Flachmoore;18.036343;0.761447562776957
Hochmoore;18.054155;0.50763358778626
Hochmoore;18.055283;0.511450381679389
Flachmoore;18.05604;0.76218611521418
Flachmoore;18.077318;0.762924667651403
Hochmoore;18.079079;0.515267175572519
Flachmoore;18.105022;0.763663220088626
Hochmoore;18.10601;0.519083969465649
Flachmoore;18.150936;0.764401772525849
Wald;18.155754;0.899786780383795
Hochmoore;18.168415;0.522900763358779
Flachmoore;18.181202;0.765140324963072
Hochmoore;18.194304;0.526717557251908
Flachmoore;18.195427;0.765878877400295
Flachmoore;18.218964;0.766617429837518
Flachmoore;18.230753;0.767355982274742
Flachmoore;18.243652;0.768094534711965
Hochmoore;18.243946;0.530534351145038
Flachmoore;18.268862;0.768833087149188
Flachmoore;18.28189;0.769571639586411
Flachmoore;18.282793;0.770310192023634
Wald;18.285103;0.901918976545842
Wald;18.286528;0.904051172707889
Hochmoore;18.286627;0.534351145038168
Hochmoore;18.290182;0.538167938931298
Flachmoore;18.290916;0.771048744460857
Hochmoore;18.295805;0.541984732824427
Hochmoore;18.30096;0.545801526717557
Flachmoore;18.30205;0.77178729689808
Flachmoore;18.314781;0.772525849335303
Flachmoore;18.325514;0.773264401772526
Flachmoore;18.326944;0.774002954209749
Hochmoore;18.329523;0.549618320610687
Flachmoore;18.335724;0.774741506646972
Wald;18.338997;0.906183368869936
Flachmoore;18.357964;0.775480059084195
Flachmoore;18.385569;0.776218611521418
Flachmoore;18.39345;0.776957163958641
Flachmoore;18.395622;0.777695716395864
Flachmoore;18.397062;0.778434268833087
Wald;18.433338;0.908315565031983
Flachmoore;18.445843;0.77917282127031
Flachmoore;18.453804;0.779911373707533
Wald;18.45472;0.91044776119403
Flachmoore;18.45966;0.780649926144756
Hochmoore;18.461267;0.553435114503817
Hochmoore;18.469969;0.557251908396947
Flachmoore;18.474192;0.781388478581979
Wald;18.477757;0.912579957356077
Flachmoore;18.486223;0.782127031019202
Flachmoore;18.533108;0.782865583456425
Wald;18.53674;0.914712153518124
Flachmoore;18.538076;0.783604135893648
Flachmoore;18.561241;0.784342688330872
Wald;18.643656;0.916844349680171
Hochmoore;18.650805;0.561068702290076
Flachmoore;18.677414;0.785081240768094
Hochmoore;18.680168;0.564885496183206
Flachmoore;18.681513;0.785819793205318
Hochmoore;18.682314;0.568702290076336
Hochmoore;18.691927;0.572519083969466
Flachmoore;18.704378;0.786558345642541
Hochmoore;18.720798;0.576335877862595
Flachmoore;18.746403;0.787296898079764
Flachmoore;18.752735;0.788035450516987
Flachmoore;18.765148;0.78877400295421
Hochmoore;18.767492;0.580152671755725
Flachmoore;18.771685;0.789512555391433
Flachmoore;18.773859;0.790251107828656
Flachmoore;18.778908;0.790989660265879
Hochmoore;18.781828;0.583969465648855
Flachmoore;18.78557;0.791728212703102
Flachmoore;18.801167;0.792466765140325
Hochmoore;18.823538;0.587786259541985
Flachmoore;18.843344;0.793205317577548
Flachmoore;18.854021;0.793943870014771
Flachmoore;18.881853;0.794682422451994
Hochmoore;18.886967;0.591603053435115
Hochmoore;18.89004;0.595419847328244
Flachmoore;18.902124;0.795420974889217
Wald;18.915562;0.918976545842217
Hochmoore;18.916044;0.599236641221374
Hochmoore;18.91733;0.603053435114504
Hochmoore;18.920862;0.606870229007634
Flachmoore;18.921694;0.79615952732644
Flachmoore;18.928679;0.796898079763663
Flachmoore;18.93881;0.797636632200886
Hochmoore;18.939962;0.610687022900763
Flachmoore;18.971062;0.798375184638109
Hochmoore;18.972122;0.614503816793893
Flachmoore;18.985804;0.799113737075332
Wald;18.992773;0.921108742004264
Flachmoore;19.000704;0.799852289512555
Wald;19.002922;0.923240938166311
Flachmoore;19.004602;0.800590841949778
Wald;19.017109;0.925373134328358
Flachmoore;19.020674;0.801329394387001
Flachmoore;19.02206;0.802067946824225
Flachmoore;19.052591;0.802806499261448
Flachmoore;19.056133;0.803545051698671
Flachmoore;19.06803;0.804283604135894
Hochmoore;19.06808;0.618320610687023
Flachmoore;19.075727;0.805022156573117
Hochmoore;19.080101;0.622137404580153
Hochmoore;19.093628;0.625954198473282
Flachmoore;19.104721;0.80576070901034
Hochmoore;19.129726;0.629770992366412
Flachmoore;19.133165;0.806499261447563
Hochmoore;19.140997;0.633587786259542
Flachmoore;19.151823;0.807237813884786
Hochmoore;19.165094;0.637404580152672
Flachmoore;19.180466;0.807976366322009
Hochmoore;19.197487;0.641221374045801
Flachmoore;19.21845;0.808714918759232
Flachmoore;19.222546;0.809453471196455
Hochmoore;19.231918;0.645038167938931
Flachmoore;19.234833;0.810192023633678
Hochmoore;19.258093;0.648854961832061
Hochmoore;19.292864;0.652671755725191
Hochmoore;19.294592;0.656488549618321
Hochmoore;19.297369;0.66030534351145
Flachmoore;19.316242;0.810930576070901
Flachmoore;19.322851;0.811669128508124
Flachmoore;19.326242;0.812407680945347
Flachmoore;19.33923;0.81314623338257
Flachmoore;19.351397;0.813884785819793
Hochmoore;19.374454;0.66412213740458
Hochmoore;19.378746;0.66793893129771
Hochmoore;19.387522;0.67175572519084
Flachmoore;19.394436;0.814623338257016
Flachmoore;19.408195;0.815361890694239
Flachmoore;19.424667;0.816100443131462
Flachmoore;19.433947;0.816838995568685
Flachmoore;19.452564;0.817577548005908
Flachmoore;19.461002;0.818316100443131
Hochmoore;19.473104;0.675572519083969
Hochmoore;19.5111;0.679389312977099
Flachmoore;19.52407;0.819054652880355
Hochmoore;19.527298;0.683206106870229
Flachmoore;19.532707;0.819793205317578
Wald;19.534988;0.927505330490405
Flachmoore;19.545673;0.820531757754801
Hochmoore;19.552206;0.687022900763359
Flachmoore;19.593874;0.821270310192024
Flachmoore;19.601578;0.822008862629247
Flachmoore;19.61855;0.82274741506647
Flachmoore;19.620249;0.823485967503693
Flachmoore;19.6232;0.824224519940916
Flachmoore;19.63807;0.824963072378139
Flachmoore;19.639112;0.825701624815362
Flachmoore;19.661566;0.826440177252585
Hochmoore;19.6652;0.690839694656489
Hochmoore;19.668764;0.694656488549618
Flachmoore;19.671192;0.827178729689808
Hochmoore;19.70021;0.698473282442748
Flachmoore;19.706196;0.827917282127031
Hochmoore;19.72719;0.702290076335878
Hochmoore;19.733082;0.706106870229008
Flachmoore;19.739672;0.828655834564254
Hochmoore;19.748882;0.709923664122137
Hochmoore;19.762304;0.713740458015267
Flachmoore;19.76898;0.829394387001477
Wald;19.772617;0.929637526652452
Hochmoore;19.799261;0.717557251908397
Flachmoore;19.803377;0.8301329394387
Flachmoore;19.807295;0.830871491875923
Hochmoore;19.812746;0.721374045801527
Flachmoore;19.819824;0.831610044313146
Hochmoore;19.84351;0.725190839694656
Flachmoore;19.857689;0.832348596750369
Flachmoore;19.858133;0.833087149187592
Flachmoore;19.862558;0.833825701624815
Hochmoore;19.865067;0.729007633587786
Wald;19.86641;0.931769722814499
Hochmoore;19.874397;0.732824427480916
Flachmoore;19.87754;0.834564254062038
Hochmoore;19.8869;0.736641221374046
Flachmoore;19.898548;0.835302806499261
Flachmoore;19.903553;0.836041358936484
Flachmoore;19.92163;0.836779911373708
Hochmoore;19.922539;0.740458015267176
Hochmoore;19.937675;0.744274809160305
Flachmoore;19.940998;0.837518463810931
Flachmoore;19.968462;0.838257016248154
Flachmoore;19.970112;0.838995568685377
Wald;19.98133;0.933901918976546
Flachmoore;19.98778;0.8397341211226
Flachmoore;19.989288;0.840472673559823
Wald;20.000784;0.936034115138593
Flachmoore;20.009796;0.841211225997046
Flachmoore;20.013351;0.841949778434269
Flachmoore;20.021582;0.842688330871492
Hochmoore;20.049395;0.748091603053435
Hochmoore;20.053951;0.751908396946565
Hochmoore;20.068375;0.755725190839695
Flachmoore;20.074287;0.843426883308715
Flachmoore;20.075651;0.844165435745938
Flachmoore;20.094069;0.844903988183161
Flachmoore;20.098198;0.845642540620384
Flachmoore;20.14247;0.846381093057607
Flachmoore;20.157898;0.84711964549483
Flachmoore;20.164618;0.847858197932053
Flachmoore;20.165447;0.848596750369276
Flachmoore;20.179;0.849335302806499
Hochmoore;20.18158;0.759541984732824
Flachmoore;20.183891;0.850073855243722
Flachmoore;20.201818;0.850812407680945
Flachmoore;20.214619;0.851550960118168
Flachmoore;20.264471;0.852289512555391
Hochmoore;20.265675;0.763358778625954
Flachmoore;20.2661;0.853028064992615
Flachmoore;20.274097;0.853766617429838
Flachmoore;20.276049;0.854505169867061
Hochmoore;20.28454;0.767175572519084
Hochmoore;20.286304;0.770992366412214
Hochmoore;20.30947;0.774809160305344
Hochmoore;20.310413;0.778625954198473
Flachmoore;20.314148;0.855243722304284
Flachmoore;20.331238;0.855982274741507
Hochmoore;20.396622;0.782442748091603
Flachmoore;20.41777;0.85672082717873
Hochmoore;20.420227;0.786259541984733
Hochmoore;20.439436;0.790076335877863
Flachmoore;20.463514;0.857459379615953
Hochmoore;20.510065;0.793893129770992
Flachmoore;20.514263;0.858197932053176
Hochmoore;20.52841;0.797709923664122
Flachmoore;20.54875;0.858936484490399
Wald;20.590322;0.93816631130064
Flachmoore;20.601933;0.859675036927622
Flachmoore;20.60906;0.860413589364845
Hochmoore;20.614046;0.801526717557252
Hochmoore;20.702984;0.805343511450382
Flachmoore;20.722633;0.861152141802068
Flachmoore;20.730103;0.861890694239291
Flachmoore;20.731384;0.862629246676514
Flachmoore;20.734049;0.863367799113737
Flachmoore;20.740807;0.86410635155096
Flachmoore;20.747438;0.864844903988183
Flachmoore;20.749214;0.865583456425406
Hochmoore;20.756636;0.809160305343511
Flachmoore;20.760355;0.866322008862629
Flachmoore;20.761944;0.867060561299852
Hochmoore;20.781033;0.812977099236641
Flachmoore;20.8012;0.867799113737075
Flachmoore;20.812466;0.868537666174298
Flachmoore;20.832813;0.869276218611521
Flachmoore;20.836355;0.870014771048744
Flachmoore;20.869305;0.870753323485967
Flachmoore;20.901787;0.871491875923191
Flachmoore;20.921438;0.872230428360414
Hochmoore;20.927408;0.816793893129771
Hochmoore;20.938272;0.820610687022901
Hochmoore;20.957417;0.824427480916031
Flachmoore;20.962952;0.872968980797637
Hochmoore;20.964542;0.82824427480916
Flachmoore;20.977287;0.87370753323486
Flachmoore;20.983242;0.874446085672083
Hochmoore;21.019667;0.83206106870229
Flachmoore;21.032677;0.875184638109306
Flachmoore;21.039227;0.875923190546529
Flachmoore;21.043137;0.876661742983752
Flachmoore;21.06831;0.877400295420975
Flachmoore;21.07211;0.878138847858198
Flachmoore;21.087078;0.878877400295421
Flachmoore;21.102757;0.879615952732644
Flachmoore;21.120806;0.880354505169867
Flachmoore;21.142511;0.88109305760709
Flachmoore;21.145813;0.881831610044313
Flachmoore;21.15104;0.882570162481536
Flachmoore;21.15555;0.883308714918759
Flachmoore;21.183182;0.884047267355982
Wald;21.185883;0.940298507462687
Hochmoore;21.195427;0.83587786259542
Flachmoore;21.201094;0.884785819793205
Flachmoore;21.202723;0.885524372230428
Flachmoore;21.216757;0.886262924667651
Hochmoore;21.243652;0.83969465648855
Hochmoore;21.251211;0.843511450381679
Hochmoore;21.25293;0.847328244274809
Flachmoore;21.27829;0.887001477104874
Flachmoore;21.30082;0.887740029542098
Flachmoore;21.306973;0.888478581979321
Hochmoore;21.30718;0.851145038167939
Flachmoore;21.308075;0.889217134416544
Flachmoore;21.318703;0.889955686853767
Hochmoore;21.318924;0.854961832061069
Flachmoore;21.341558;0.89069423929099
Flachmoore;21.34995;0.891432791728213
Hochmoore;21.357964;0.858778625954199
Hochmoore;21.371607;0.862595419847328
Flachmoore;21.389673;0.892171344165436
Flachmoore;21.404093;0.892909896602659
Flachmoore;21.43243;0.893648449039882
Flachmoore;21.453314;0.894387001477105
Flachmoore;21.46295;0.895125553914328
Flachmoore;21.46907;0.895864106351551
Flachmoore;21.477377;0.896602658788774
Wald;21.5144;0.942430703624733
Flachmoore;21.524326;0.897341211225997
Flachmoore;21.561033;0.89807976366322
Wald;21.62727;0.94456289978678
Wald;21.63134;0.946695095948827
Hochmoore;21.63187;0.866412213740458
Flachmoore;21.650347;0.898818316100443
Flachmoore;21.674858;0.899556868537666
Flachmoore;21.717493;0.900295420974889
Wald;21.751928;0.948827292110874
Hochmoore;21.754864;0.870229007633588
Hochmoore;21.758142;0.874045801526718
Flachmoore;21.822355;0.901033973412112
Flachmoore;21.824165;0.901772525849335
Hochmoore;21.881853;0.877862595419847
Wald;21.893116;0.950959488272921
Flachmoore;21.90998;0.902511078286558
Flachmoore;21.916515;0.903249630723781
Flachmoore;21.952635;0.903988183161004
Hochmoore;21.965279;0.881679389312977
Flachmoore;21.968767;0.904726735598227
Wald;21.98402;0.953091684434968
Flachmoore;22.046959;0.905465288035451
Flachmoore;22.05656;0.906203840472674
Flachmoore;22.069881;0.906942392909897
Wald;22.08795;0.955223880597015
Flachmoore;22.092644;0.90768094534712
Flachmoore;22.103382;0.908419497784343
Flachmoore;22.132408;0.909158050221566
Flachmoore;22.199097;0.909896602658789
Wald;22.21177;0.957356076759062
Flachmoore;22.238873;0.910635155096012
Flachmoore;22.239445;0.911373707533235
Flachmoore;22.249039;0.912112259970458
Flachmoore;22.277515;0.912850812407681
Hochmoore;22.279854;0.885496183206107
Flachmoore;22.285881;0.913589364844904
Flachmoore;22.307076;0.914327917282127
Flachmoore;22.313465;0.91506646971935
Hochmoore;22.330034;0.889312977099237
Flachmoore;22.38113;0.915805022156573
Flachmoore;22.387493;0.916543574593796
Flachmoore;22.397022;0.917282127031019
Flachmoore;22.418045;0.918020679468242
Flachmoore;22.461067;0.918759231905465
Flachmoore;22.467083;0.919497784342688
Hochmoore;22.479073;0.893129770992366
Wald;22.49636;0.959488272921109
Flachmoore;22.519371;0.920236336779911
Flachmoore;22.569515;0.920974889217134
Flachmoore;22.634987;0.921713441654357
Flachmoore;22.651264;0.922451994091581
Flachmoore;22.655933;0.923190546528804
Flachmoore;22.665577;0.923929098966027
Flachmoore;22.668564;0.92466765140325
Hochmoore;22.708178;0.896946564885496
Flachmoore;22.73558;0.925406203840473
Flachmoore;22.793694;0.926144756277696
Hochmoore;22.90627;0.900763358778626
Flachmoore;22.912666;0.926883308714919
Flachmoore;22.957073;0.927621861152142
Flachmoore;22.98787;0.928360413589365
Flachmoore;23.00589;0.929098966026588
Hochmoore;23.006393;0.904580152671756
Flachmoore;23.060322;0.929837518463811
Flachmoore;23.07698;0.930576070901034
Flachmoore;23.078403;0.931314623338257
Flachmoore;23.094208;0.93205317577548
Flachmoore;23.155499;0.932791728212703
Hochmoore;23.16495;0.908396946564885
Flachmoore;23.16753;0.933530280649926
Flachmoore;23.216759;0.934268833087149
Hochmoore;23.22413;0.912213740458015
Flachmoore;23.26619;0.935007385524372
Wald;23.285711;0.961620469083156
Hochmoore;23.294813;0.916030534351145
Flachmoore;23.310902;0.935745937961595
Flachmoore;23.327023;0.936484490398818
Wald;23.405155;0.963752665245203
Flachmoore;23.41521;0.937223042836041
Flachmoore;23.4544;0.937961595273264
Flachmoore;23.464642;0.938700147710487
Flachmoore;23.487053;0.93943870014771
Flachmoore;23.500542;0.940177252584934
Flachmoore;23.506218;0.940915805022157
Wald;23.531172;0.965884861407249
Flachmoore;23.550453;0.94165435745938
Hochmoore;23.691355;0.919847328244275
Flachmoore;23.71458;0.942392909896603
Flachmoore;23.728668;0.943131462333826
Wald;23.739763;0.968017057569296
Flachmoore;23.838505;0.943870014771049
Hochmoore;23.842697;0.923664122137405
Flachmoore;23.873821;0.944608567208272
Hochmoore;23.877235;0.927480916030534
Hochmoore;23.90256;0.931297709923664
Flachmoore;23.92558;0.945347119645495
Flachmoore;23.934044;0.946085672082718
Hochmoore;23.935747;0.935114503816794
Flachmoore;24.01278;0.946824224519941
Flachmoore;24.021477;0.947562776957164
Flachmoore;24.047405;0.948301329394387
Flachmoore;24.067772;0.94903988183161
Hochmoore;24.07211;0.938931297709924
Flachmoore;24.081234;0.949778434268833
Flachmoore;24.087555;0.950516986706056
Hochmoore;24.088137;0.942748091603053
Flachmoore;24.092136;0.951255539143279
Wald;24.14261;0.970149253731343
Hochmoore;24.158892;0.946564885496183
Flachmoore;24.160816;0.951994091580502
Flachmoore;24.22018;0.952732644017725
Flachmoore;24.227291;0.953471196454948
Hochmoore;24.244482;0.950381679389313
Flachmoore;24.337955;0.954209748892171
Flachmoore;24.432106;0.954948301329394
Flachmoore;24.435356;0.955686853766617
Flachmoore;24.643959;0.95642540620384
Flachmoore;24.667194;0.957163958641064
Flachmoore;24.682045;0.957902511078287
Hochmoore;24.735216;0.954198473282443
Flachmoore;24.751892;0.95864106351551
Flachmoore;24.866005;0.959379615952733
Hochmoore;24.935867;0.958015267175573
Flachmoore;24.99041;0.960118168389956
Flachmoore;25.070362;0.960856720827179
Flachmoore;25.10152;0.961595273264402
Flachmoore;25.10176;0.962333825701625
Flachmoore;25.107544;0.963072378138848
Flachmoore;25.134651;0.963810930576071
Flachmoore;25.171043;0.964549483013294
Flachmoore;25.253052;0.965288035450517
Flachmoore;25.308311;0.96602658788774
Hochmoore;25.443432;0.961832061068702
Flachmoore;25.511955;0.966765140324963
Flachmoore;25.519878;0.967503692762186
Flachmoore;25.570526;0.968242245199409
Flachmoore;25.646736;0.968980797636632
Flachmoore;25.662567;0.969719350073855
Flachmoore;25.669003;0.970457902511078
Hochmoore;25.688534;0.965648854961832
Hochmoore;25.722633;0.969465648854962
Flachmoore;25.795467;0.971196454948301
Flachmoore;25.823574;0.971935007385524
Flachmoore;25.851349;0.972673559822747
Flachmoore;25.85707;0.97341211225997
Wald;25.941967;0.97228144989339
Flachmoore;26.079483;0.974150664697193
Flachmoore;26.310863;0.974889217134417
Flachmoore;26.742054;0.97562776957164
Flachmoore;26.750122;0.976366322008863
Flachmoore;26.857014;0.977104874446086
Flachmoore;27.014492;0.977843426883309
Wald;27.121956;0.974413646055437
Hochmoore;27.197853;0.973282442748092
Flachmoore;27.32658;0.978581979320532
Wald;27.454079;0.976545842217484
Flachmoore;27.596668;0.979320531757755
Flachmoore;27.628372;0.980059084194978
Flachmoore;27.668217;0.980797636632201
Flachmoore;27.98367;0.981536189069424
Wald;28.462889;0.978678038379531
Flachmoore;28.469772;0.982274741506647
Flachmoore;28.58125;0.98301329394387
Flachmoore;28.61417;0.983751846381093
Wald;28.695202;0.980810234541578
Flachmoore;28.820454;0.984490398818316
Hochmoore;28.962955;0.977099236641221
Wald;29.02005;0.982942430703625
Flachmoore;29.020142;0.985228951255539
Hochmoore;29.103428;0.980916030534351
Wald;29.179043;0.985074626865672
Wald;29.620037;0.987206823027719
Wald;29.664444;0.989339019189765
Flachmoore;29.70465;0.985967503692762
Hochmoore;29.73135;0.984732824427481
Flachmoore;29.922527;0.986706056129985
Flachmoore;29.945396;0.987444608567208
Flachmoore;30.483974;0.988183161004431
Wald;30.548113;0.991471215351812
Flachmoore;30.751194;0.988921713441654
Flachmoore;30.92012;0.989660265878877
Flachmoore;31.174995;0.9903988183161
Flachmoore;31.368927;0.991137370753324
Flachmoore;31.604122;0.991875923190547
Hochmoore;31.908203;0.988549618320611
Wald;32.096107;0.993603411513859
Hochmoore;32.687096;0.99236641221374
Flachmoore;32.81384;0.99261447562777
Flachmoore;32.849476;0.993353028064993
Flachmoore;32.972347;0.994091580502216
Flachmoore;33.426254;0.994830132939439
Flachmoore;33.574448;0.995568685376662
Wald;34.042656;0.995735607675906
Wald;34.094463;0.997867803837953
Flachmoore;34.910103;0.996307237813885
Flachmoore;34.913223;0.997045790251108
Flachmoore;35.24545;0.997784342688331
Flachmoore;35.725513;0.998522895125554
Hochmoore;36.305912;0.99618320610687
Wald;36.53397;1
Hochmoore;37.337955;1
Flachmoore;38.209408;0.999261447562777
Flachmoore;40;1
